,VendorID,PUDatetime,DODatetime,store_and_fwd_flag,RatecodeID,PULocationID,DOLocationID,passenger_count,trip_distance,fare_amount,extra,mta_tax,tip_amount,tolls_amount,ehail_fee,improvement_surcharge,total_amount,payment_type,trip_type,congestion_surcharge,type,airport_fee,Airport_fee
2995098,2,2023-01-01 00:00:00,2023-01-01 00:08:00,,,42,41,,1.53,12.98,0.0,0.5,0.0,0.0,,1.0,14.48,0.0,,,yellow_taxi,,
3497,2,2023-01-01 00:00:05,2023-01-01 00:26:27,N,1.0,249,186,1.0,1.32,21.9,1.0,0.5,0.0,0.0,,1.0,26.9,2.0,,2.5,yellow_taxi,0.0,
2506,2,2023-01-01 00:00:06,2023-01-01 00:05:44,N,1.0,125,68,1.0,1.7,9.3,1.0,0.5,0.0,0.0,,1.0,14.3,2.0,,2.5,yellow_taxi,0.0,
3499,2,2023-01-01 00:00:08,2023-01-01 00:11:24,N,1.0,42,244,1.0,3.1,16.3,1.0,0.5,0.0,0.0,,1.0,18.8,2.0,,0.0,yellow_taxi,0.0,
4475,2,2023-01-01 00:00:09,2023-01-01 00:15:10,N,1.0,79,231,1.0,3.8,19.8,1.0,0.5,7.44,0.0,,1.0,32.24,1.0,,2.5,yellow_taxi,0.0,
3176,2,2023-01-01 00:00:13,2023-01-01 00:12:52,N,1.0,132,7,1.0,8.97,34.5,1.0,0.5,25.0,0.0,,1.0,63.25,1.0,,0.0,yellow_taxi,1.25,
2312,1,2023-01-01 00:00:18,2023-01-01 00:09:34,N,1.0,238,262,1.0,2.1,11.4,3.5,0.5,4.9,0.0,,1.0,21.3,1.0,,2.5,yellow_taxi,0.0,
4243,1,2023-01-01 00:00:22,2023-01-01 00:26:23,N,1.0,136,233,1.0,0.0,29.2,0.0,0.5,0.0,0.0,,1.0,30.7,1.0,,0.0,yellow_taxi,0.0,
2918,2,2023-01-01 00:00:35,2023-01-01 00:25:12,N,1.0,132,17,1.0,17.51,66.0,1.0,0.5,0.0,0.0,,1.0,69.75,2.0,,0.0,yellow_taxi,1.25,
865,2,2023-01-01 00:00:47,2023-01-01 00:04:32,N,1.0,79,107,3.0,0.95,6.5,1.0,0.5,5.0,0.0,,1.0,16.5,1.0,,2.5,yellow_taxi,0.0,
4305,2,2023-01-01 00:00:52,2023-01-01 00:19:17,N,1.0,162,42,1.0,5.07,23.3,1.0,0.5,0.0,0.0,,1.0,28.3,2.0,,2.5,yellow_taxi,0.0,
4508,2,2023-01-01 00:00:57,2023-01-01 00:15:11,N,1.0,138,97,1.0,9.98,38.0,6.0,0.5,5.0,0.0,,1.0,51.75,1.0,,0.0,yellow_taxi,1.25,
890,2,2023-01-01 00:01:07,2023-01-01 00:22:01,N,1.0,141,68,1.0,3.87,21.9,1.0,0.5,5.38,0.0,,1.0,32.28,1.0,,2.5,yellow_taxi,0.0,
203,1,2023-01-01 00:01:08,2023-01-01 00:17:14,N,1.0,170,113,6.0,2.1,14.2,3.5,0.5,0.01,0.0,,1.0,19.21,1.0,,2.5,yellow_taxi,0.0,
1106,2,2023-01-01 00:01:18,2023-01-01 00:17:01,N,1.0,234,112,1.0,4.38,21.2,1.0,0.5,6.55,6.55,,1.0,39.3,1.0,,2.5,yellow_taxi,0.0,
4081,2,2023-01-01 00:01:21,2023-01-01 00:27:12,N,1.0,170,68,1.0,1.68,21.9,1.0,0.5,5.38,0.0,,1.0,32.28,1.0,,2.5,yellow_taxi,0.0,
4667,2,2023-01-01 00:01:24,2023-01-01 00:21:30,N,1.0,263,114,1.0,5.35,26.1,1.0,0.5,0.0,0.0,,1.0,31.1,1.0,,2.5,yellow_taxi,0.0,
4253,2,2023-01-01 00:01:27,2023-01-01 00:29:58,N,1.0,116,148,1.0,10.58,45.0,1.0,0.5,10.0,0.0,,1.0,60.0,1.0,,2.5,yellow_taxi,0.0,
24,2,2023-01-01 00:01:31,2023-01-01 00:16:02,N,1.0,166,244,1.0,2.48,16.3,1.0,0.5,3.76,0.0,,1.0,22.56,1.0,1.0,0.0,green_taxi,,
610,1,2023-01-01 00:01:34,2023-01-01 00:07:24,N,1.0,263,229,2.0,1.6,8.6,3.5,0.5,3.4,0.0,,1.0,17.0,1.0,,2.5,yellow_taxi,0.0,
4839,1,2023-01-01 00:01:39,2023-01-01 00:10:30,N,1.0,211,209,1.0,1.4,9.3,3.5,0.5,2.85,0.0,,1.0,17.15,1.0,,2.5,yellow_taxi,0.0,
1501,2,2023-01-01 00:01:39,2023-01-01 00:20:56,N,1.0,114,263,1.0,4.78,23.3,1.0,0.5,5.66,0.0,,1.0,33.96,1.0,,2.5,yellow_taxi,0.0,
326,1,2023-01-01 00:01:52,2023-01-01 00:11:25,N,1.0,234,231,1.0,1.9,10.7,3.5,0.5,3.0,0.0,,1.0,18.7,1.0,,2.5,yellow_taxi,0.0,
3364,1,2023-01-01 00:01:54,2023-01-01 00:10:26,N,1.0,79,45,1.0,1.4,10.7,3.5,0.5,0.0,0.0,,1.0,15.7,2.0,,2.5,yellow_taxi,0.0,
685,2,2023-01-01 00:01:55,2023-01-01 00:36:32,N,2.0,132,211,2.0,21.4,70.0,0.0,0.5,11.29,0.0,,1.0,86.54,1.0,,2.5,yellow_taxi,1.25,
1724,2,2023-01-01 00:01:58,2023-01-01 00:10:57,N,1.0,114,224,1.0,1.76,11.4,1.0,0.5,3.28,0.0,,1.0,19.68,1.0,,2.5,yellow_taxi,0.0,
1302,2,2023-01-01 00:01:58,2023-01-01 00:40:09,N,2.0,132,249,1.0,19.41,70.0,0.0,0.5,16.11,6.55,,1.0,96.66,1.0,,2.5,yellow_taxi,0.0,
4752,2,2023-01-01 00:01:58,2023-01-01 00:17:43,N,1.0,144,33,1.0,3.12,18.4,1.0,0.5,4.68,0.0,,1.0,28.08,1.0,,2.5,yellow_taxi,0.0,
3471,2,2023-01-01 00:02:07,2023-01-01 00:07:02,N,1.0,158,246,1.0,0.98,7.2,1.0,0.5,2.44,0.0,,1.0,14.64,1.0,,2.5,yellow_taxi,0.0,
2552,2,2023-01-01 00:02:11,2023-01-01 00:13:55,N,1.0,114,107,1.0,1.73,12.1,1.0,0.5,3.42,0.0,,1.0,20.52,1.0,,2.5,yellow_taxi,0.0,
4875,2,2023-01-01 00:02:13,2023-01-01 00:21:35,N,1.0,264,243,1.0,12.07,46.4,6.0,0.5,5.0,6.55,,1.0,66.7,1.0,,0.0,yellow_taxi,1.25,
3861,2,2023-01-01 00:02:17,2023-01-01 00:30:09,N,2.0,132,42,3.0,19.93,70.0,0.0,0.5,14.3,0.0,,1.0,87.05,1.0,,0.0,yellow_taxi,1.25,
169,2,2023-01-01 00:02:19,2023-01-01 00:30:49,N,2.0,132,140,1.0,20.37,70.0,0.0,0.5,12.0,6.55,,1.0,92.55,1.0,,2.5,yellow_taxi,0.0,
883,2,2023-01-01 00:02:19,2023-01-01 00:44:02,N,1.0,162,37,1.0,7.49,41.5,1.0,0.5,0.0,0.0,,1.0,46.5,2.0,,2.5,yellow_taxi,0.0,
665,2,2023-01-01 00:02:20,2023-01-01 00:07:36,N,1.0,236,239,1.0,1.28,8.6,1.0,0.5,2.72,0.0,,1.0,16.32,1.0,,2.5,yellow_taxi,0.0,
3029,2,2023-01-01 00:02:22,2023-01-01 00:11:59,N,1.0,125,68,2.0,1.78,11.4,1.0,0.5,3.28,0.0,,1.0,19.68,1.0,,2.5,yellow_taxi,0.0,
2995276,1,2023-01-01 00:02:29,2023-01-01 00:29:57,,,132,141,,20.2,70.0,1.25,0.5,8.18,6.55,,1.0,89.98,0.0,,,yellow_taxi,,
2995133,2,2023-01-01 00:02:33,2023-01-01 00:12:15,,,163,137,,1.83,13.52,0.0,0.5,2.0,0.0,,1.0,19.52,0.0,,,yellow_taxi,,
4139,2,2023-01-01 00:02:35,2023-01-01 00:17:08,N,1.0,138,41,1.0,6.64,28.2,6.0,0.5,6.52,6.55,,1.0,50.02,1.0,,0.0,yellow_taxi,1.25,
2995023,1,2023-01-01 00:02:40,2023-01-01 00:30:36,,,142,79,,0.0,20.13,0.0,0.5,0.0,0.0,,1.0,24.13,0.0,,,yellow_taxi,,
2897,1,2023-01-01 00:02:41,2023-01-01 00:10:58,N,1.0,233,170,1.0,0.5,7.9,3.5,0.5,2.6,0.0,,1.0,15.5,1.0,,2.5,yellow_taxi,0.0,
954,1,2023-01-01 00:02:42,2023-01-01 00:09:32,N,1.0,79,137,1.0,1.3,8.6,3.5,0.5,3.4,0.0,,1.0,17.0,1.0,,2.5,yellow_taxi,0.0,
976,1,2023-01-01 00:02:43,2023-01-01 00:08:33,N,1.0,238,24,1.0,0.9,6.5,3.5,0.5,5.0,0.0,,1.0,16.5,1.0,,2.5,yellow_taxi,0.0,
1541,2,2023-01-01 00:02:47,2023-01-01 00:24:12,N,1.0,236,126,1.0,6.03,27.5,1.0,0.5,0.0,0.0,,1.0,32.5,2.0,,2.5,yellow_taxi,0.0,
4487,1,2023-01-01 00:02:47,2023-01-01 00:24:21,N,1.0,138,144,1.0,9.1,38.0,9.75,0.5,9.85,0.0,,1.0,59.1,1.0,,2.5,yellow_taxi,1.25,
1274,2,2023-01-01 00:02:48,2023-01-01 00:14:13,N,1.0,79,144,1.0,1.38,11.4,1.0,0.5,3.28,0.0,,1.0,19.68,1.0,,2.5,yellow_taxi,0.0,
4351,2,2023-01-01 00:02:49,2023-01-01 00:38:56,N,1.0,246,14,2.0,13.4,56.9,1.0,0.5,0.0,0.0,,1.0,61.9,2.0,,2.5,yellow_taxi,0.0,
708,2,2023-01-01 00:02:49,2023-01-01 00:32:19,N,1.0,132,198,2.0,14.53,57.6,1.0,0.5,12.27,0.0,,1.0,73.62,1.0,,0.0,yellow_taxi,1.25,
4231,2,2023-01-01 00:02:50,2023-01-01 00:18:28,N,1.0,148,237,3.0,4.27,19.8,1.0,0.5,4.96,0.0,,1.0,29.76,1.0,,2.5,yellow_taxi,0.0,
3964,2,2023-01-01 00:02:53,2023-01-01 00:27:06,N,1.0,132,91,3.0,13.94,54.1,1.0,0.5,7.0,0.0,,1.0,64.85,1.0,,0.0,yellow_taxi,1.25,
3481,2,2023-01-01 00:02:59,2023-01-01 00:15:36,N,1.0,148,233,1.0,3.6,18.4,1.0,0.5,0.0,0.0,,1.0,23.4,1.0,,2.5,yellow_taxi,0.0,
1813,1,2023-01-01 00:02:59,2023-01-01 00:21:33,N,1.0,231,75,1.0,8.0,32.4,3.5,0.5,7.45,0.0,,1.0,44.85,1.0,,2.5,yellow_taxi,0.0,
1303,2,2023-01-01 00:02:59,2023-01-01 00:08:01,N,1.0,234,164,2.0,0.68,-7.2,-1.0,-0.5,0.0,0.0,,-1.0,-12.2,4.0,,-2.5,yellow_taxi,0.0,
1304,2,2023-01-01 00:02:59,2023-01-01 00:08:01,N,1.0,234,164,2.0,0.68,7.2,1.0,0.5,0.0,0.0,,1.0,12.2,4.0,,2.5,yellow_taxi,0.0,
1369,1,2023-01-01 00:03:00,2023-01-01 00:33:19,N,1.0,161,228,1.0,13.8,54.1,3.5,0.5,13.1,6.55,,1.0,78.75,1.0,,2.5,yellow_taxi,0.0,
4038,2,2023-01-01 00:03:01,2023-01-01 00:16:52,N,1.0,90,263,1.0,4.55,19.8,1.0,0.5,1.0,0.0,,1.0,25.8,1.0,,2.5,yellow_taxi,0.0,
3555,2,2023-01-01 00:03:01,2023-01-01 00:10:15,N,1.0,141,236,1.0,1.25,9.3,1.0,0.5,0.72,0.0,,1.0,15.02,1.0,,2.5,yellow_taxi,0.0,
3538,2,2023-01-01 00:03:02,2023-01-01 00:28:13,N,1.0,163,48,1.0,1.97,21.2,1.0,0.5,5.24,0.0,,1.0,31.44,1.0,,2.5,yellow_taxi,0.0,
2763,2,2023-01-01 00:03:03,2023-01-01 00:23:46,N,1.0,158,234,1.0,1.77,18.4,1.0,0.5,4.68,0.0,,1.0,28.08,1.0,,2.5,yellow_taxi,0.0,
4807,1,2023-01-01 00:03:04,2023-01-01 00:05:33,N,1.0,142,239,1.0,0.9,5.8,3.5,0.5,1.5,0.0,,1.0,12.3,1.0,,2.5,yellow_taxi,0.0,
3815,2,2023-01-01 00:03:04,2023-01-01 00:09:34,N,1.0,142,48,2.0,0.72,7.9,1.0,0.5,3.87,0.0,,1.0,16.77,1.0,,2.5,yellow_taxi,0.0,
843,2,2023-01-01 00:03:06,2023-01-01 00:12:32,N,1.0,79,211,1.0,1.63,11.4,1.0,0.5,3.28,0.0,,1.0,19.68,1.0,,2.5,yellow_taxi,0.0,
757,2,2023-01-01 00:03:07,2023-01-01 00:10:04,N,1.0,236,43,1.0,0.97,8.6,1.0,0.5,0.0,0.0,,1.0,13.6,2.0,,2.5,yellow_taxi,0.0,
2679,2,2023-01-01 00:03:08,2023-01-01 00:03:28,N,1.0,70,70,1.0,0.0,3.0,1.0,0.5,0.0,0.0,,1.0,5.5,2.0,,0.0,yellow_taxi,0.0,
1010,1,2023-01-01 00:03:08,2023-01-01 00:09:34,Y,1.0,237,142,1.0,0.9,7.2,3.5,0.5,2.4,0.0,,1.0,14.6,1.0,,2.5,yellow_taxi,0.0,
673,2,2023-01-01 00:03:09,2023-01-01 00:08:35,N,1.0,229,137,2.0,1.41,8.6,1.0,0.5,2.72,0.0,,1.0,16.32,1.0,,2.5,yellow_taxi,0.0,
646,2,2023-01-01 00:03:09,2023-01-01 00:25:22,N,1.0,249,239,1.0,4.69,26.1,1.0,0.5,9.33,0.0,,1.0,40.43,1.0,,2.5,yellow_taxi,0.0,
2717,1,2023-01-01 00:03:16,2023-01-01 00:09:13,N,1.0,188,189,1.0,1.4,7.9,1.0,0.5,0.0,0.0,,1.0,10.4,2.0,,0.0,yellow_taxi,0.0,
4673,2,2023-01-01 00:03:16,2023-01-01 00:12:49,N,1.0,132,218,1.0,3.26,17.0,1.0,0.5,0.0,0.0,,1.0,19.5,2.0,,0.0,yellow_taxi,0.0,
2303,2,2023-01-01 00:03:18,2023-01-01 00:09:24,N,1.0,249,246,2.0,1.19,8.6,1.0,0.5,0.0,0.0,,1.0,13.6,2.0,,2.5,yellow_taxi,0.0,
3494,2,2023-01-01 00:03:18,2023-01-01 00:28:50,N,2.0,132,232,1.0,18.01,70.0,0.0,0.5,13.54,0.0,,1.0,88.79,1.0,,2.5,yellow_taxi,1.25,
4368,1,2023-01-01 00:03:23,2023-01-01 00:16:55,N,1.0,79,209,1.0,3.4,17.0,3.5,0.5,4.4,0.0,,1.0,26.4,1.0,,2.5,yellow_taxi,0.0,
1873,2,2023-01-01 00:03:25,2023-01-01 00:12:51,N,1.0,234,148,1.0,1.58,11.4,1.0,0.5,2.46,0.0,,1.0,18.86,1.0,,2.5,yellow_taxi,0.0,
2611,2,2023-01-01 00:03:25,2023-01-01 00:25:52,N,1.0,48,114,1.0,3.36,21.9,1.0,0.5,4.04,0.0,,1.0,30.94,1.0,,2.5,yellow_taxi,0.0,
2371,2,2023-01-01 00:03:26,2023-01-01 00:09:42,N,1.0,170,107,1.0,1.15,8.6,1.0,0.5,2.72,0.0,,1.0,16.32,1.0,,2.5,yellow_taxi,0.0,
4028,2,2023-01-01 00:03:28,2023-01-01 00:14:43,N,1.0,79,229,6.0,2.58,14.2,1.0,0.5,3.84,0.0,,1.0,23.04,1.0,,2.5,yellow_taxi,0.0,
374,2,2023-01-01 00:03:28,2023-01-01 00:19:42,N,1.0,249,233,1.0,2.51,16.3,1.0,0.5,6.39,0.0,,1.0,27.69,1.0,,2.5,yellow_taxi,0.0,
3541,1,2023-01-01 00:03:33,2023-01-01 00:04:16,N,1.0,263,263,1.0,0.1,3.0,3.5,0.5,0.0,0.0,,1.0,8.0,3.0,,2.5,yellow_taxi,0.0,
3419,2,2023-01-01 00:03:34,2023-01-01 00:08:13,N,1.0,170,137,1.0,0.8,6.5,1.0,0.5,0.0,0.0,,1.0,11.5,2.0,,2.5,yellow_taxi,0.0,
18,1,2023-01-01 00:03:36,2023-01-01 00:09:36,N,1.0,237,239,3.0,1.2,8.6,3.5,0.5,0.0,0.0,,1.0,13.6,2.0,,2.5,yellow_taxi,0.0,
4365,2,2023-01-01 00:03:37,2023-01-01 00:19:24,N,1.0,164,236,2.0,3.18,18.4,1.0,0.5,4.68,0.0,,1.0,28.08,1.0,,2.5,yellow_taxi,0.0,
355,2,2023-01-01 00:03:40,2023-01-01 00:10:05,N,1.0,238,151,1.0,1.35,9.3,1.0,0.5,4.29,0.0,,1.0,18.59,1.0,,2.5,yellow_taxi,0.0,
3647,2,2023-01-01 00:03:44,2023-01-01 00:23:55,N,1.0,137,238,3.0,6.27,29.6,1.0,0.5,6.92,0.0,,1.0,41.52,1.0,,2.5,yellow_taxi,0.0,
3,1,2023-01-01 00:03:48,2023-01-01 00:13:25,N,1.0,138,7,0.0,1.9,12.1,7.25,0.5,0.0,0.0,,1.0,20.85,1.0,,0.0,yellow_taxi,1.25,
1536,1,2023-01-01 00:03:48,2023-01-01 00:17:51,N,1.0,137,25,1.0,6.0,25.4,3.5,0.5,5.47,0.0,,1.0,35.87,1.0,,2.5,yellow_taxi,0.0,
2603,1,2023-01-01 00:03:52,2023-01-01 00:11:32,N,1.0,114,107,1.0,1.0,7.9,3.5,0.5,2.6,0.0,,1.0,15.5,1.0,,2.5,yellow_taxi,0.0,
36,2,2023-01-01 00:03:52,2023-01-01 00:18:27,N,1.0,144,140,1.0,5.01,23.3,1.0,0.5,5.66,0.0,,1.0,33.96,1.0,,2.5,yellow_taxi,0.0,
2528,2,2023-01-01 00:03:52,2023-01-01 00:26:20,N,1.0,132,255,3.0,15.75,58.3,1.0,0.5,10.0,0.0,,1.0,72.05,1.0,,0.0,yellow_taxi,1.25,
2680,2,2023-01-01 00:03:53,2023-01-01 00:37:00,N,1.0,70,48,1.0,11.31,50.6,1.0,0.5,0.0,6.55,,1.0,62.15,1.0,,2.5,yellow_taxi,0.0,
762,2,2023-01-01 00:03:54,2023-01-01 00:17:49,N,1.0,43,186,1.0,2.28,14.9,1.0,0.5,3.98,0.0,,1.0,23.88,1.0,,2.5,yellow_taxi,0.0,
1318,2,2023-01-01 00:03:57,2023-01-01 00:12:53,N,1.0,161,107,1.0,1.84,11.4,1.0,0.5,0.0,0.0,,1.0,16.4,2.0,,2.5,yellow_taxi,0.0,
914,2,2023-01-01 00:03:58,2023-01-01 00:15:33,N,1.0,88,140,1.0,6.52,26.1,1.0,0.5,7.78,0.0,,1.0,38.88,1.0,,2.5,yellow_taxi,0.0,
1409,1,2023-01-01 00:03:59,2023-01-01 00:26:48,N,1.0,237,186,1.0,2.1,18.4,3.5,0.5,4.7,0.0,,1.0,28.1,1.0,,2.5,yellow_taxi,0.0,
4573,2,2023-01-01 00:04:04,2023-01-01 00:18:03,N,1.0,70,263,1.0,7.99,22.5,0.5,0.5,3.0,6.55,,0.3,35.85,1.0,,2.5,yellow_taxi,0.0,
1199,2,2023-01-01 00:04:04,2023-01-01 00:36:33,N,1.0,138,165,1.0,16.31,63.2,6.0,0.5,0.0,0.0,,1.0,71.95,2.0,,0.0,yellow_taxi,1.25,
4203,2,2023-01-01 00:04:05,2023-01-01 00:18:05,N,1.0,234,186,2.0,1.16,13.5,1.0,0.5,3.7,0.0,,1.0,22.2,1.0,,2.5,yellow_taxi,0.0,
115,1,2023-01-01 00:04:08,2023-01-01 00:10:54,N,1.0,264,264,3.0,0.7,7.2,3.5,0.5,0.0,0.0,,1.0,12.2,2.0,,2.5,yellow_taxi,0.0,
4605,2,2023-01-01 00:04:11,2023-01-01 00:07:44,N,1.0,141,140,1.0,0.75,-5.8,-1.0,-0.5,0.0,0.0,,-1.0,-10.8,3.0,,-2.5,yellow_taxi,0.0,
4606,2,2023-01-01 00:04:11,2023-01-01 00:07:44,N,1.0,141,141,1.0,0.75,5.8,1.0,0.5,0.0,0.0,,1.0,10.8,3.0,,2.5,yellow_taxi,0.0,
2955,2,2023-01-01 00:04:15,2023-01-01 00:39:29,N,1.0,48,48,1.0,0.84,27.5,1.0,0.5,0.0,0.0,,1.0,32.5,1.0,,2.5,yellow_taxi,0.0,
4626,2,2023-01-01 00:04:18,2023-01-01 00:42:29,N,1.0,162,239,1.0,2.93,32.4,1.0,0.5,7.48,0.0,,1.0,44.88,1.0,,2.5,yellow_taxi,0.0,
1107,2,2023-01-01 00:04:19,2023-01-01 00:12:08,N,1.0,141,137,4.0,2.12,11.4,1.0,0.5,5.0,0.0,,1.0,21.4,1.0,,2.5,yellow_taxi,0.0,
4451,2,2023-01-01 00:04:20,2023-01-01 00:09:43,N,1.0,237,161,1.0,0.69,-7.2,-1.0,-0.5,0.0,0.0,,-1.0,-12.2,4.0,,-2.5,yellow_taxi,0.0,
4452,2,2023-01-01 00:04:20,2023-01-01 00:09:43,N,1.0,237,161,1.0,0.69,7.2,1.0,0.5,0.0,0.0,,1.0,12.2,4.0,,2.5,yellow_taxi,0.0,
44,2,2023-01-01 00:04:25,2023-01-01 00:17:50,N,1.0,255,146,1.0,2.8,16.3,1.0,0.5,2.8,0.0,,1.0,21.6,1.0,1.0,0.0,green_taxi,,
4414,2,2023-01-01 00:04:25,2023-01-01 00:46:03,N,1.0,264,264,1.0,1.84,32.4,1.0,0.5,7.48,0.0,,1.0,44.88,1.0,,2.5,yellow_taxi,0.0,
626,1,2023-01-01 00:04:26,2023-01-01 00:24:03,N,1.0,142,42,1.0,5.8,26.8,3.5,0.5,0.0,0.0,,1.0,31.8,2.0,,2.5,yellow_taxi,0.0,
519,2,2023-01-01 00:04:28,2023-01-01 00:09:49,N,1.0,79,4,2.0,0.69,6.5,1.0,0.5,0.0,0.0,,1.0,11.5,1.0,,2.5,yellow_taxi,0.0,
4849,2,2023-01-01 00:04:29,2023-01-01 00:04:33,N,5.0,122,122,1.0,0.0,70.0,0.0,0.5,10.0,0.0,,1.0,81.5,1.0,,0.0,yellow_taxi,0.0,
4114,2,2023-01-01 00:04:32,2023-01-01 00:09:33,N,1.0,262,74,2.0,1.72,9.3,1.0,0.5,0.0,0.0,,1.0,14.3,2.0,,2.5,yellow_taxi,0.0,
17,1,2023-01-01 00:04:33,2023-01-01 00:19:22,N,1.0,113,255,1.0,4.5,20.5,3.5,0.5,4.0,0.0,,1.0,29.5,1.0,,2.5,yellow_taxi,0.0,
2479,1,2023-01-01 00:04:34,2023-01-01 00:10:46,N,1.0,239,236,1.0,1.1,7.9,3.5,0.5,2.55,0.0,,1.0,15.45,1.0,,2.5,yellow_taxi,0.0,
3454,2,2023-01-01 00:04:34,2023-01-01 00:09:15,N,1.0,113,107,3.0,0.93,7.2,1.0,0.5,2.44,0.0,,1.0,14.64,1.0,,2.5,yellow_taxi,0.0,
2749,1,2023-01-01 00:04:34,2023-01-01 00:17:32,N,1.0,125,186,1.0,1.6,12.8,3.5,0.5,3.0,0.0,,1.0,20.8,1.0,,2.5,yellow_taxi,0.0,
4344,2,2023-01-01 00:04:35,2023-01-01 00:20:28,N,1.0,132,177,1.0,8.39,34.5,1.0,0.5,7.4,0.0,,1.0,45.65,1.0,,0.0,yellow_taxi,1.25,
2813,2,2023-01-01 00:04:37,2023-01-01 00:11:03,N,1.0,249,90,1.0,1.36,8.6,1.0,0.5,0.0,0.0,,1.0,13.6,2.0,,2.5,yellow_taxi,0.0,
3296,2,2023-01-01 00:04:37,2023-01-01 00:18:24,N,1.0,79,236,1.0,4.13,19.1,1.0,0.5,4.82,0.0,,1.0,28.92,1.0,,2.5,yellow_taxi,0.0,
3755,2,2023-01-01 00:04:38,2023-01-01 00:22:58,N,1.0,186,236,2.0,2.99,19.1,1.0,0.5,0.0,0.0,,1.0,24.1,2.0,,2.5,yellow_taxi,0.0,
3896,1,2023-01-01 00:04:40,2023-01-01 00:09:15,N,1.0,79,114,3.0,0.8,6.5,3.5,0.5,1.0,0.0,,1.0,12.5,1.0,,2.5,yellow_taxi,0.0,
4681,2,2023-01-01 00:04:42,2023-01-01 00:13:09,N,1.0,142,239,3.0,1.13,10.0,1.0,0.5,0.0,0.0,,1.0,15.0,2.0,,2.5,yellow_taxi,0.0,
870,2,2023-01-01 00:04:43,2023-01-01 00:29:21,N,1.0,88,196,1.0,11.71,47.1,1.0,0.5,0.0,0.0,,1.0,52.1,2.0,,2.5,yellow_taxi,0.0,
416,2,2023-01-01 00:04:44,2023-01-01 00:20:05,N,1.0,237,107,1.0,2.47,15.6,1.0,0.5,6.18,0.0,,1.0,26.78,1.0,,2.5,yellow_taxi,0.0,
110,1,2023-01-01 00:04:45,2023-01-01 00:45:38,N,1.0,161,228,1.0,9.7,50.6,3.5,0.5,16.65,0.0,,1.0,72.25,1.0,,2.5,yellow_taxi,0.0,
4659,2,2023-01-01 00:04:51,2023-01-01 00:15:47,N,1.0,164,249,1.0,1.49,10.7,1.0,0.5,3.14,0.0,,1.0,18.84,1.0,,2.5,yellow_taxi,0.0,
4401,2,2023-01-01 00:04:52,2023-01-01 00:11:21,N,1.0,79,114,1.0,1.02,8.6,1.0,0.5,2.72,0.0,,1.0,16.32,1.0,,2.5,yellow_taxi,0.0,
3670,2,2023-01-01 00:04:52,2023-01-01 00:11:00,N,1.0,161,236,1.0,2.29,10.7,1.0,0.5,3.14,0.0,,1.0,18.84,1.0,,2.5,yellow_taxi,0.0,
1998,2,2023-01-01 00:04:52,2023-01-01 00:18:02,N,1.0,142,75,1.0,3.38,16.3,1.0,0.5,6.39,0.0,,1.0,27.69,1.0,,2.5,yellow_taxi,0.0,
3138,2,2023-01-01 00:04:53,2023-01-01 00:19:17,N,1.0,43,246,1.0,2.75,16.3,1.0,0.5,4.26,0.0,,1.0,25.56,1.0,,2.5,yellow_taxi,0.0,
1169,2,2023-01-01 00:04:54,2023-01-01 00:20:29,N,1.0,249,246,3.0,2.04,15.6,1.0,0.5,2.0,0.0,,1.0,22.6,1.0,,2.5,yellow_taxi,0.0,
2879,1,2023-01-01 00:04:54,2023-01-01 00:22:57,N,1.0,138,244,1.0,9.4,37.3,7.25,0.5,10.5,6.55,,1.0,63.1,1.0,,0.0,yellow_taxi,1.25,
3206,2,2023-01-01 00:04:55,2023-01-01 00:10:20,N,1.0,142,239,1.0,0.87,7.2,1.0,0.5,2.44,0.0,,1.0,14.64,1.0,,2.5,yellow_taxi,0.0,
3170,2,2023-01-01 00:04:56,2023-01-01 00:35:58,N,1.0,158,145,1.0,5.64,31.7,1.0,0.5,7.34,0.0,,1.0,44.04,1.0,,2.5,yellow_taxi,0.0,
107,2,2023-01-01 00:04:56,2023-01-01 00:08:49,N,1.0,125,231,1.0,0.71,6.5,1.0,0.5,1.72,0.0,,1.0,13.22,1.0,,2.5,yellow_taxi,0.0,
2851,2,2023-01-01 00:05:03,2023-01-01 00:27:54,N,1.0,48,161,1.0,3.29,21.9,1.0,0.5,0.0,0.0,,1.0,26.9,2.0,,2.5,yellow_taxi,0.0,
2823,2,2023-01-01 00:05:04,2023-01-01 00:23:47,N,1.0,249,164,1.0,1.34,17.0,1.0,0.5,2.0,0.0,,1.0,24.0,1.0,,2.5,yellow_taxi,0.0,
2939,2,2023-01-01 00:05:04,2023-01-01 00:19:30,N,1.0,74,144,1.0,7.32,29.6,1.0,0.5,6.92,0.0,,1.0,41.52,1.0,,2.5,yellow_taxi,0.0,
3718,1,2023-01-01 00:05:05,2023-01-01 00:08:25,N,1.0,249,90,1.0,0.7,5.8,3.5,0.5,2.15,0.0,,1.0,12.95,1.0,,2.5,yellow_taxi,0.0,
3798,1,2023-01-01 00:05:08,2023-01-01 00:08:29,N,1.0,246,68,1.0,0.5,5.1,3.5,0.5,3.0,0.0,,1.0,13.1,1.0,,2.5,yellow_taxi,0.0,
1376,2,2023-01-01 00:05:09,2023-01-01 00:11:20,N,1.0,263,229,2.0,1.91,10.0,1.0,0.5,4.5,0.0,,1.0,19.5,1.0,,2.5,yellow_taxi,0.0,
1326,1,2023-01-01 00:05:09,2023-01-01 00:11:13,N,1.0,211,234,1.0,1.3,7.9,3.5,0.5,2.55,0.0,,1.0,15.45,1.0,,2.5,yellow_taxi,0.0,
1403,2,2023-01-01 00:05:10,2023-01-01 00:16:02,N,1.0,43,162,4.0,1.43,11.4,1.0,0.5,3.28,0.0,,1.0,19.68,1.0,,2.5,yellow_taxi,0.0,
137,2,2023-01-01 00:05:11,2023-01-01 00:31:52,N,1.0,249,7,1.0,6.81,31.0,1.0,0.5,9.0,0.0,,1.0,45.0,1.0,,2.5,yellow_taxi,0.0,
2817,2,2023-01-01 00:05:11,2023-01-01 00:21:11,N,1.0,48,141,2.0,2.45,16.3,1.0,0.5,4.26,0.0,,1.0,25.56,1.0,,2.5,yellow_taxi,0.0,
3414,1,2023-01-01 00:05:11,2023-01-01 00:33:15,N,1.0,236,82,3.0,7.5,35.2,3.5,0.5,8.0,0.0,,1.0,48.2,1.0,,2.5,yellow_taxi,0.0,
3514,2,2023-01-01 00:05:12,2023-01-01 00:16:24,N,1.0,148,107,1.0,1.83,12.1,1.0,0.5,6.84,0.0,,1.0,23.94,1.0,,2.5,yellow_taxi,0.0,
4856,2,2023-01-01 00:05:12,2023-01-01 00:10:37,N,1.0,79,137,2.0,1.35,8.6,1.0,0.5,2.72,0.0,,1.0,16.32,1.0,,2.5,yellow_taxi,0.0,
4178,2,2023-01-01 00:05:13,2023-01-01 00:25:06,N,1.0,148,257,1.0,7.03,31.7,1.0,0.5,8.0,0.0,,1.0,44.7,1.0,,2.5,yellow_taxi,0.0,
711,1,2023-01-01 00:05:14,2023-01-01 00:08:27,N,1.0,263,263,1.0,0.5,5.1,3.5,0.5,3.0,0.0,,1.0,13.1,1.0,,2.5,yellow_taxi,0.0,
3846,2,2023-01-01 00:05:16,2023-01-01 00:22:21,N,1.0,114,79,1.0,1.87,16.3,1.0,0.5,4.26,0.0,,1.0,25.56,1.0,,2.5,yellow_taxi,0.0,
3237,2,2023-01-01 00:05:17,2023-01-01 00:20:36,N,1.0,170,163,1.0,0.92,14.2,1.0,0.5,2.0,0.0,,1.0,21.2,1.0,,2.5,yellow_taxi,0.0,
1171,1,2023-01-01 00:05:17,2023-01-01 00:27:47,N,1.0,137,130,1.0,13.2,50.6,3.5,0.5,0.0,6.55,,1.0,62.15,2.0,,2.5,yellow_taxi,0.0,
4832,2,2023-01-01 00:05:18,2023-01-01 00:21:56,N,1.0,39,133,2.0,9.75,38.7,1.0,0.5,0.0,0.0,,1.0,41.2,2.0,,0.0,yellow_taxi,0.0,
285,2,2023-01-01 00:05:18,2023-01-01 00:40:35,N,1.0,142,181,2.0,11.61,51.3,1.0,0.5,0.0,0.0,,1.0,56.3,2.0,,2.5,yellow_taxi,0.0,
2691,2,2023-01-01 00:05:19,2023-01-01 00:30:33,N,1.0,141,82,3.0,6.31,28.9,1.0,0.5,3.39,0.0,,1.0,37.29,1.0,,2.5,yellow_taxi,0.0,
594,2,2023-01-01 00:05:20,2023-01-01 00:12:09,N,1.0,142,151,1.0,2.03,10.7,1.0,0.5,4.71,0.0,,1.0,20.41,1.0,,2.5,yellow_taxi,0.0,
1045,1,2023-01-01 00:05:21,2023-01-01 00:52:00,N,1.0,143,188,1.0,10.0,44.3,3.5,0.5,9.85,0.0,,1.0,59.15,1.0,,2.5,yellow_taxi,0.0,
2340,1,2023-01-01 00:05:22,2023-01-01 00:07:23,N,1.0,87,209,0.0,0.3,4.4,3.5,0.5,0.0,0.0,,1.0,9.4,2.0,,2.5,yellow_taxi,0.0,
1816,2,2023-01-01 00:05:22,2023-01-01 00:10:15,N,1.0,249,144,1.0,0.97,7.2,1.0,0.5,2.44,0.0,,1.0,14.64,1.0,,2.5,yellow_taxi,0.0,
4737,1,2023-01-01 00:05:23,2023-01-01 00:10:10,N,1.0,234,113,2.0,0.9,7.2,3.5,0.5,2.4,0.0,,1.0,14.6,1.0,,2.5,yellow_taxi,0.0,
2745,1,2023-01-01 00:05:23,2023-01-01 00:26:28,N,1.0,249,141,2.0,4.2,23.3,3.5,0.5,5.66,0.0,,1.0,33.96,1.0,,2.5,yellow_taxi,0.0,
2052,2,2023-01-01 00:05:24,2023-01-01 00:33:50,N,1.0,162,3,1.0,14.44,56.2,1.0,0.5,0.1,0.0,,1.0,61.3,1.0,,2.5,yellow_taxi,0.0,
3034,2,2023-01-01 00:05:24,2023-01-01 00:10:36,N,1.0,114,90,1.0,1.23,7.9,1.0,0.5,0.0,0.0,,1.0,12.9,2.0,,2.5,yellow_taxi,0.0,
917,1,2023-01-01 00:05:27,2023-01-01 00:09:40,N,1.0,162,141,2.0,1.2,7.9,3.5,0.5,2.55,0.0,,1.0,15.45,1.0,,2.5,yellow_taxi,0.0,
362,2,2023-01-01 00:05:28,2023-01-01 00:23:33,N,1.0,239,236,2.0,2.79,18.4,1.0,0.5,40.0,0.0,,1.0,63.4,1.0,,2.5,yellow_taxi,0.0,
3679,2,2023-01-01 00:05:29,2023-01-01 00:12:28,N,1.0,148,79,2.0,1.04,8.6,1.0,0.5,2.72,0.0,,1.0,16.32,1.0,,2.5,yellow_taxi,0.0,
2598,2,2023-01-01 00:05:29,2023-01-01 00:24:42,N,1.0,114,237,1.0,3.88,20.5,1.0,0.5,5.0,0.0,,1.0,30.5,1.0,,2.5,yellow_taxi,0.0,
1624,2,2023-01-01 00:05:29,2023-01-01 00:13:21,N,1.0,161,229,2.0,1.07,8.6,1.0,0.5,2.72,0.0,,1.0,16.32,1.0,,2.5,yellow_taxi,0.0,
2916,2,2023-01-01 00:05:30,2023-01-01 00:31:11,N,1.0,264,264,1.0,6.64,31.7,1.0,0.5,0.0,0.0,,1.0,36.7,4.0,,2.5,yellow_taxi,0.0,
2915,2,2023-01-01 00:05:30,2023-01-01 00:31:11,N,1.0,264,264,1.0,6.64,-31.7,-1.0,-0.5,0.0,0.0,,-1.0,-36.7,4.0,,-2.5,yellow_taxi,0.0,
1172,1,2023-01-01 00:05:31,2023-01-01 00:37:56,N,1.0,68,7,1.0,6.3,33.8,3.5,0.5,7.75,0.0,,1.0,46.55,1.0,,2.5,yellow_taxi,0.0,
1194,1,2023-01-01 00:05:32,2023-01-01 00:13:27,N,1.0,114,90,1.0,1.3,9.3,3.5,0.5,2.85,0.0,,1.0,17.15,1.0,,2.5,yellow_taxi,0.0,
631,2,2023-01-01 00:05:32,2023-01-01 00:21:24,N,1.0,142,263,2.0,2.81,17.0,1.0,0.5,4.4,0.0,,1.0,26.4,1.0,,2.5,yellow_taxi,0.0,
4739,1,2023-01-01 00:05:35,2023-01-01 00:41:56,N,1.0,186,140,1.0,4.1,32.4,3.5,0.5,5.61,0.0,,1.0,43.01,1.0,,2.5,yellow_taxi,0.0,
794,2,2023-01-01 00:05:35,2023-01-01 00:18:34,N,1.0,132,95,1.0,7.71,31.0,1.0,0.5,6.7,0.0,,1.0,41.45,1.0,,0.0,yellow_taxi,1.25,
2473,2,2023-01-01 00:05:36,2023-01-01 00:30:33,N,1.0,231,229,1.0,4.55,24.7,1.0,0.5,7.42,0.0,,1.0,37.12,1.0,,2.5,yellow_taxi,0.0,
2042,1,2023-01-01 00:05:37,2023-01-01 00:14:56,N,1.0,107,68,1.0,1.2,8.6,3.5,0.5,2.7,0.0,,1.0,16.3,1.0,,2.5,yellow_taxi,0.0,
2271,2,2023-01-01 00:05:37,2023-01-01 00:37:15,N,1.0,114,239,2.0,4.35,30.3,1.0,0.5,7.06,0.0,,1.0,42.36,1.0,,2.5,yellow_taxi,0.0,
4503,2,2023-01-01 00:05:38,2023-01-01 00:06:35,N,1.0,50,50,2.0,0.19,3.7,1.0,0.5,0.0,0.0,,1.0,8.7,2.0,,2.5,yellow_taxi,0.0,
2737,2,2023-01-01 00:05:41,2023-01-01 00:34:36,N,1.0,132,33,4.0,22.72,82.8,1.0,0.5,10.0,0.0,,1.0,96.55,1.0,,0.0,yellow_taxi,1.25,
2050,2,2023-01-01 00:05:41,2023-01-01 00:21:21,N,1.0,239,50,1.0,1.79,15.6,1.0,0.5,4.12,0.0,,1.0,24.72,1.0,,2.5,yellow_taxi,0.0,
668,2,2023-01-01 00:05:41,2023-01-01 00:13:52,N,1.0,229,140,1.0,1.63,10.7,1.0,0.5,2.83,0.0,,1.0,18.53,1.0,,2.5,yellow_taxi,0.0,
3447,1,2023-01-01 00:05:43,2023-01-01 00:19:11,N,1.0,43,164,1.0,1.8,12.1,3.5,0.5,3.0,0.0,,1.0,20.1,1.0,,2.5,yellow_taxi,0.0,
304,2,2023-01-01 00:05:44,2023-01-01 00:16:55,N,1.0,142,239,2.0,1.27,11.4,1.0,0.5,4.92,0.0,,1.0,21.32,1.0,,2.5,yellow_taxi,0.0,
838,1,2023-01-01 00:05:44,2023-01-01 00:12:30,N,1.0,137,162,1.0,0.8,7.2,3.5,0.5,2.4,0.0,,1.0,14.6,1.0,,2.5,yellow_taxi,0.0,
920,2,2023-01-01 00:05:46,2023-01-01 00:11:13,N,1.0,164,162,2.0,0.82,7.2,1.0,0.5,0.0,0.0,,1.0,12.2,2.0,,2.5,yellow_taxi,0.0,
3605,2,2023-01-01 00:05:48,2023-01-01 00:18:14,N,1.0,79,262,2.0,3.98,17.7,1.0,0.5,4.54,0.0,,1.0,27.24,1.0,,2.5,yellow_taxi,0.0,
188,2,2023-01-01 00:05:48,2023-01-01 00:14:48,N,1.0,142,43,1.0,2.28,12.1,1.0,0.5,0.0,0.0,,1.0,17.1,2.0,,2.5,yellow_taxi,0.0,
2281,2,2023-01-01 00:05:49,2023-01-01 00:15:50,N,1.0,79,148,6.0,1.13,10.7,1.0,0.5,3.14,0.0,,1.0,18.84,1.0,,2.5,yellow_taxi,0.0,
656,1,2023-01-01 00:05:51,2023-01-01 00:26:34,N,1.0,264,264,4.0,3.9,20.5,1.0,0.5,0.0,0.0,,1.0,23.0,2.0,,0.0,yellow_taxi,0.0,
2672,2,2023-01-01 00:05:51,2023-01-01 00:27:07,N,1.0,144,141,2.0,3.61,21.2,1.0,0.5,0.0,0.0,,1.0,26.2,2.0,,2.5,yellow_taxi,0.0,
1630,2,2023-01-01 00:05:53,2023-01-01 00:15:11,N,1.0,148,13,2.0,3.98,18.4,1.0,0.5,5.0,0.0,,1.0,28.4,1.0,,2.5,yellow_taxi,0.0,
1578,2,2023-01-01 00:05:53,2023-01-01 00:31:44,N,1.0,48,144,1.0,4.4,26.1,1.0,0.5,0.0,0.0,,1.0,31.1,2.0,,2.5,yellow_taxi,0.0,
1263,2,2023-01-01 00:05:56,2023-01-01 00:10:37,N,1.0,164,164,1.0,0.34,5.8,1.0,0.5,2.16,0.0,,1.0,12.96,1.0,,2.5,yellow_taxi,0.0,
184,1,2023-01-01 00:05:56,2023-01-01 00:12:10,N,1.0,237,237,1.0,1.0,7.9,3.5,0.5,0.0,0.0,,1.0,12.9,2.0,,2.5,yellow_taxi,0.0,
3091,2,2023-01-01 00:05:58,2023-01-01 00:28:07,N,1.0,249,50,1.0,2.67,20.5,1.0,0.5,0.0,0.0,,1.0,25.5,1.0,,2.5,yellow_taxi,0.0,
3972,1,2023-01-01 00:05:59,2023-01-01 00:13:57,N,1.0,79,144,1.0,1.2,10.0,3.5,0.5,3.0,0.0,,1.0,18.0,1.0,,2.5,yellow_taxi,0.0,
1293,2,2023-01-01 00:06:01,2023-01-01 00:11:39,N,1.0,239,151,2.0,1.43,8.6,1.0,0.5,4.08,0.0,,1.0,17.68,1.0,,2.5,yellow_taxi,0.0,
1217,2,2023-01-01 00:06:02,2023-01-01 00:09:42,N,1.0,237,236,6.0,0.85,6.5,1.0,0.5,3.45,0.0,,1.0,14.95,1.0,,2.5,yellow_taxi,0.0,
1285,1,2023-01-01 00:06:02,2023-01-01 00:19:20,N,1.0,137,142,2.0,2.9,14.9,3.5,0.5,3.95,0.0,,1.0,23.85,1.0,,2.5,yellow_taxi,0.0,
4329,1,2023-01-01 00:06:02,2023-01-01 00:13:25,N,1.0,170,229,1.0,1.2,8.6,3.5,0.5,2.7,0.0,,1.0,16.3,1.0,,2.5,yellow_taxi,0.0,
808,2,2023-01-01 00:06:02,2023-01-01 00:31:38,N,1.0,43,161,1.0,2.5,24.0,1.0,0.5,7.25,0.0,,1.0,36.25,1.0,,2.5,yellow_taxi,0.0,
4386,1,2023-01-01 00:06:08,2023-01-01 00:17:23,N,1.0,107,211,1.0,2.3,12.8,3.5,0.5,2.0,0.0,,1.0,19.8,1.0,,2.5,yellow_taxi,0.0,
4853,2,2023-01-01 00:06:08,2023-01-01 00:28:01,N,1.0,79,33,1.0,4.37,24.0,1.0,0.5,7.25,0.0,,1.0,36.25,1.0,,2.5,yellow_taxi,0.0,
4584,1,2023-01-01 00:06:09,2023-01-01 00:21:31,N,1.0,233,239,1.0,3.7,17.7,3.5,0.5,3.0,0.0,,1.0,25.7,1.0,,2.5,yellow_taxi,0.0,
4280,2,2023-01-01 00:06:13,2023-01-01 00:19:42,N,1.0,186,79,2.0,2.28,14.9,1.0,0.5,3.98,0.0,,1.0,23.88,1.0,,2.5,yellow_taxi,0.0,
1897,2,2023-01-01 00:06:15,2023-01-01 00:19:53,N,1.0,234,68,5.0,1.27,13.5,1.0,0.5,3.7,0.0,,1.0,22.2,1.0,,2.5,yellow_taxi,0.0,
4641,2,2023-01-01 00:06:17,2023-01-01 00:27:48,N,1.0,163,50,1.0,2.36,19.8,1.0,0.5,4.96,0.0,,1.0,29.76,1.0,,2.5,yellow_taxi,0.0,
2995258,2,2023-01-01 00:06:17,2023-01-01 00:20:19,,,229,249,,3.25,21.54,0.0,0.5,5.11,0.0,,1.0,30.65,0.0,,,yellow_taxi,,
392,2,2023-01-01 00:06:18,2023-01-01 00:22:39,N,1.0,170,142,2.0,3.16,18.4,1.0,0.5,4.68,0.0,,1.0,28.08,1.0,,2.5,yellow_taxi,0.0,
4887,2,2023-01-01 00:06:20,2023-01-01 00:27:41,N,1.0,236,116,2.0,5.3,26.8,1.0,0.5,0.0,0.0,,1.0,31.8,2.0,,2.5,yellow_taxi,0.0,
3582,2,2023-01-01 00:06:22,2023-01-01 00:16:10,N,1.0,79,158,1.0,1.55,10.7,1.0,0.5,3.14,0.0,,1.0,18.84,1.0,,2.5,yellow_taxi,0.0,
2399,2,2023-01-01 00:06:23,2023-01-01 00:19:44,N,1.0,148,249,2.0,2.16,14.9,1.0,0.5,1.0,0.0,,1.0,20.9,1.0,,2.5,yellow_taxi,0.0,
3551,1,2023-01-01 00:06:25,2023-01-01 00:15:57,N,1.0,237,238,0.0,2.1,12.1,3.5,0.5,5.1,0.0,,1.0,22.2,1.0,,2.5,yellow_taxi,0.0,
1690,1,2023-01-01 00:06:26,2023-01-01 00:10:51,N,1.0,158,249,1.0,0.6,5.8,3.5,0.5,2.15,0.0,,1.0,12.95,1.0,,2.5,yellow_taxi,0.0,
1505,1,2023-01-01 00:06:29,2023-01-01 00:16:13,N,1.0,142,239,1.0,1.1,8.6,3.5,0.5,2.7,0.0,,1.0,16.3,1.0,,2.5,yellow_taxi,0.0,
2457,2,2023-01-01 00:06:30,2023-01-01 00:21:02,N,1.0,142,263,2.0,2.67,16.3,1.0,0.5,4.26,0.0,,1.0,25.56,1.0,,2.5,yellow_taxi,0.0,
1921,1,2023-01-01 00:06:30,2023-01-01 00:16:15,N,1.0,143,50,2.0,1.2,9.3,3.5,0.5,3.7,0.0,,1.0,18.0,1.0,,2.5,yellow_taxi,0.0,
911,2,2023-01-01 00:06:32,2023-01-01 00:19:28,N,1.0,186,170,1.0,1.39,12.1,1.0,0.5,3.42,0.0,,1.0,20.52,1.0,,2.5,yellow_taxi,0.0,
539,2,2023-01-01 00:06:32,2023-01-01 00:14:57,N,1.0,170,144,1.0,1.81,10.7,1.0,0.5,4.71,0.0,,1.0,20.41,1.0,,2.5,yellow_taxi,0.0,
295,2,2023-01-01 00:06:32,2023-01-01 00:29:45,N,1.0,132,80,1.0,15.49,58.3,1.0,0.5,12.16,0.0,,1.0,74.21,1.0,,0.0,yellow_taxi,1.25,
4126,2,2023-01-01 00:06:35,2023-01-01 00:12:16,N,1.0,229,170,2.0,1.06,7.9,1.0,0.5,0.0,0.0,,1.0,12.9,2.0,,2.5,yellow_taxi,0.0,
1406,1,2023-01-01 00:06:36,2023-01-01 00:15:40,N,1.0,232,231,1.0,1.3,9.3,3.5,0.5,2.85,0.0,,1.0,17.15,1.0,,2.5,yellow_taxi,0.0,
504,2,2023-01-01 00:06:37,2023-01-01 00:20:11,N,1.0,90,170,1.0,1.82,13.5,1.0,0.5,3.7,0.0,,1.0,22.2,1.0,,2.5,yellow_taxi,0.0,
3444,2,2023-01-01 00:06:39,2023-01-01 00:25:25,N,1.0,144,186,1.0,2.43,18.4,1.0,0.5,4.68,0.0,,1.0,28.08,1.0,,2.5,yellow_taxi,0.0,
2740,1,2023-01-01 00:06:39,2023-01-01 00:26:03,N,1.0,232,263,1.0,4.7,21.2,3.5,0.5,5.0,0.0,,1.0,31.2,1.0,,2.5,yellow_taxi,0.0,
4637,2,2023-01-01 00:06:39,2023-01-01 00:15:35,N,1.0,158,249,1.0,1.25,10.0,1.0,0.5,3.0,0.0,,1.0,18.0,1.0,,2.5,yellow_taxi,0.0,
621,2,2023-01-01 00:06:39,2023-01-01 00:10:02,N,1.0,237,237,1.0,0.52,5.1,1.0,0.5,0.0,0.0,,1.0,10.1,2.0,,2.5,yellow_taxi,0.0,
3851,2,2023-01-01 00:06:39,2023-01-01 00:08:58,N,1.0,162,170,1.0,0.53,4.4,1.0,0.5,0.0,0.0,,1.0,9.4,1.0,,2.5,yellow_taxi,0.0,
620,2,2023-01-01 00:06:39,2023-01-01 00:10:02,N,1.0,237,237,1.0,0.52,-5.1,-1.0,-0.5,0.0,0.0,,-1.0,-10.1,2.0,,-2.5,yellow_taxi,0.0,
837,2,2023-01-01 00:06:40,2023-01-01 00:25:09,Y,1.0,249,228,1.0,7.56,31.0,1.0,0.5,7.2,0.0,,1.0,43.2,1.0,,2.5,yellow_taxi,0.0,
3100,2,2023-01-01 00:06:41,2023-01-01 00:15:00,N,1.0,79,224,1.0,1.17,9.3,1.0,0.5,0.0,0.0,,1.0,14.3,2.0,,2.5,yellow_taxi,0.0,
382,2,2023-01-01 00:06:42,2023-01-01 00:17:13,N,1.0,164,229,1.0,1.88,12.1,1.0,0.5,3.42,0.0,,1.0,20.52,1.0,,2.5,yellow_taxi,0.0,
4098,1,2023-01-01 00:06:45,2023-01-01 00:31:44,N,1.0,48,224,4.0,3.3,20.5,3.5,0.5,6.35,0.0,,1.0,31.85,1.0,,2.5,yellow_taxi,0.0,
2358,2,2023-01-01 00:06:45,2023-01-01 00:17:41,N,1.0,142,162,2.0,2.01,12.8,1.0,0.5,3.2,0.0,,1.0,21.0,1.0,,2.5,yellow_taxi,0.0,
57,2,2023-01-01 00:06:48,2023-01-01 01:08:47,N,1.0,129,226,2.0,7.83,52.0,1.0,0.5,0.0,0.0,,1.0,54.5,2.0,1.0,0.0,green_taxi,,
2252,2,2023-01-01 00:06:48,2023-01-01 00:16:13,N,1.0,163,164,2.0,1.34,10.7,1.0,0.5,2.14,0.0,,1.0,17.84,1.0,,2.5,yellow_taxi,0.0,
1549,2,2023-01-01 00:06:50,2023-01-01 00:30:31,N,1.0,107,143,1.0,3.81,17.0,1.0,0.5,0.0,0.0,,1.0,22.0,2.0,,2.5,yellow_taxi,0.0,
4108,2,2023-01-01 00:06:54,2023-01-01 00:34:38,N,2.0,132,236,1.0,19.26,70.0,0.0,0.5,16.36,6.55,,1.0,98.16,1.0,,2.5,yellow_taxi,1.25,
2995,2,2023-01-01 00:06:56,2023-01-01 00:40:45,N,1.0,125,142,2.0,4.59,33.1,1.0,0.5,3.81,0.0,,1.0,41.91,1.0,,2.5,yellow_taxi,0.0,
2022,1,2023-01-01 00:06:56,2023-01-01 00:16:15,N,1.0,75,74,1.0,1.9,10.7,1.0,0.5,0.0,0.0,,1.0,13.2,2.0,,0.0,yellow_taxi,0.0,
2268,2,2023-01-01 00:06:58,2023-01-01 00:23:53,N,1.0,140,50,1.0,2.64,17.7,1.0,0.5,0.0,0.0,,1.0,22.7,2.0,,2.5,yellow_taxi,0.0,
1826,2,2023-01-01 00:06:59,2023-01-01 00:32:48,N,1.0,234,119,2.0,9.61,40.1,1.0,0.5,0.0,0.0,,1.0,45.1,2.0,,2.5,yellow_taxi,0.0,
1084,2,2023-01-01 00:07:00,2023-01-01 00:35:56,N,1.0,90,41,1.0,6.22,33.8,1.0,0.5,7.76,0.0,,1.0,46.56,1.0,,2.5,yellow_taxi,0.0,
4504,2,2023-01-01 00:07:01,2023-01-01 00:59:55,N,1.0,48,137,2.0,2.69,40.8,1.0,0.5,9.16,0.0,,1.0,54.96,1.0,,2.5,yellow_taxi,0.0,
4644,2,2023-01-01 00:07:02,2023-01-01 00:24:10,N,1.0,162,239,2.0,3.67,19.8,1.0,0.5,6.2,0.0,,1.0,31.0,1.0,,2.5,yellow_taxi,0.0,
4205,2,2023-01-01 00:07:02,2023-01-01 00:20:24,N,1.0,162,161,2.0,0.1,12.1,1.0,0.5,3.42,0.0,,1.0,20.52,1.0,,2.5,yellow_taxi,0.0,
4592,2,2023-01-01 00:07:05,2023-01-01 00:25:24,N,1.0,48,114,1.0,3.11,18.4,1.0,0.5,4.68,0.0,,1.0,28.08,1.0,,2.5,yellow_taxi,0.0,
232,2,2023-01-01 00:07:07,2023-01-01 00:17:02,N,1.0,211,88,2.0,2.77,14.2,1.0,0.5,3.0,0.0,,1.0,22.2,1.0,,2.5,yellow_taxi,0.0,
4229,1,2023-01-01 00:07:08,2023-01-01 00:20:41,Y,1.0,148,140,1.0,3.9,17.7,3.5,0.5,6.8,0.0,,1.0,29.5,1.0,,2.5,yellow_taxi,0.0,
1991,2,2023-01-01 00:07:09,2023-01-01 00:13:59,N,1.0,231,90,2.0,1.71,10.0,1.0,0.5,3.0,0.0,,1.0,18.0,1.0,,2.5,yellow_taxi,0.0,
2403,1,2023-01-01 00:07:10,2023-01-01 00:15:45,N,1.0,137,163,3.0,1.8,10.7,3.5,0.5,3.1,0.0,,1.0,18.8,1.0,,2.5,yellow_taxi,0.0,
1125,1,2023-01-01 00:07:11,2023-01-01 00:13:27,N,1.0,164,162,2.0,0.9,7.9,3.5,0.5,0.0,0.0,,1.0,12.9,1.0,,2.5,yellow_taxi,0.0,
301,2,2023-01-01 00:07:12,2023-01-01 00:09:35,N,1.0,263,141,1.0,0.52,5.1,1.0,0.5,0.0,0.0,,1.0,10.1,2.0,,2.5,yellow_taxi,0.0,
3596,2,2023-01-01 00:07:12,2023-01-01 00:10:12,N,1.0,249,68,1.0,0.66,5.8,1.0,0.5,0.0,0.0,,1.0,10.8,2.0,,2.5,yellow_taxi,0.0,
3594,1,2023-01-01 00:07:13,2023-01-01 00:26:55,N,1.0,249,255,1.0,4.4,22.6,3.5,0.5,2.0,0.0,,1.0,29.6,1.0,,2.5,yellow_taxi,0.0,
3709,1,2023-01-01 00:07:15,2023-01-01 00:28:47,N,1.0,114,263,1.0,5.1,25.4,3.5,0.5,9.1,0.0,,1.0,39.5,1.0,,2.5,yellow_taxi,0.0,
2374,2,2023-01-01 00:07:15,2023-01-01 00:16:21,N,1.0,141,4,1.0,3.16,14.9,1.0,0.5,0.0,0.0,,1.0,19.9,2.0,,2.5,yellow_taxi,0.0,
2726,2,2023-01-01 00:07:15,2023-01-01 00:13:13,N,1.0,107,79,2.0,1.26,8.6,1.0,0.5,2.72,0.0,,1.0,16.32,1.0,,2.5,yellow_taxi,0.0,
2909,1,2023-01-01 00:07:17,2023-01-01 00:16:43,N,1.0,249,107,3.0,1.2,10.0,3.5,0.5,3.0,0.0,,1.0,18.0,1.0,,2.5,yellow_taxi,0.0,
490,2,2023-01-01 00:07:18,2023-01-01 00:18:50,N,1.0,164,79,1.0,2.19,13.5,1.0,0.5,0.0,0.0,,1.0,18.5,2.0,,2.5,yellow_taxi,0.0,
428,2,2023-01-01 00:07:18,2023-01-01 00:23:15,N,1.0,138,256,1.0,7.74,32.4,6.0,0.5,0.0,0.0,,1.0,41.15,2.0,,0.0,yellow_taxi,1.25,
348,1,2023-01-01 00:07:19,2023-01-01 00:16:12,N,1.0,229,263,3.0,1.6,10.7,3.5,0.5,4.7,0.0,,1.0,20.4,1.0,,2.5,yellow_taxi,0.0,
396,1,2023-01-01 00:07:19,2023-01-01 00:45:31,N,1.0,249,223,2.0,7.8,37.3,3.5,0.5,8.45,0.0,,1.0,50.75,1.0,,2.5,yellow_taxi,0.0,
1220,2,2023-01-01 00:07:19,2023-01-01 00:10:39,N,1.0,229,137,1.0,1.17,6.5,1.0,0.5,1.5,0.0,,1.0,13.0,1.0,,2.5,yellow_taxi,0.0,
1833,2,2023-01-01 00:07:20,2023-01-01 00:16:59,N,1.0,148,170,5.0,2.15,12.1,1.0,0.5,4.28,0.0,,1.0,21.38,1.0,,2.5,yellow_taxi,0.0,
3253,2,2023-01-01 00:07:22,2023-01-01 00:16:30,N,1.0,236,142,1.0,1.83,11.4,1.0,0.5,2.0,0.0,,1.0,18.4,1.0,,2.5,yellow_taxi,0.0,
1289,2,2023-01-01 00:07:23,2023-01-01 00:20:05,N,1.0,170,87,2.0,4.61,21.9,1.0,0.5,8.07,0.0,,1.0,34.97,1.0,,2.5,yellow_taxi,0.0,
2826,2,2023-01-01 00:07:24,2023-01-01 00:12:48,N,1.0,79,170,4.0,1.07,7.2,1.0,0.5,1.22,0.0,,1.0,13.42,1.0,,2.5,yellow_taxi,0.0,
4059,2,2023-01-01 00:07:24,2023-01-01 00:23:12,N,1.0,239,263,1.0,3.38,19.1,1.0,0.5,4.82,0.0,,1.0,28.92,1.0,,2.5,yellow_taxi,0.0,
8211,2,2023-01-01 00:07:30,2023-01-01 00:14:28,N,1.0,141,142,1.0,1.54,9.3,1.0,0.5,2.86,0.0,,1.0,17.16,1.0,,2.5,yellow_taxi,0.0,
1694,2,2023-01-01 00:07:31,2023-01-01 00:14:57,N,1.0,239,236,1.0,1.17,10.0,1.0,0.5,4.5,0.0,,1.0,19.5,1.0,,2.5,yellow_taxi,0.0,
3185,1,2023-01-01 00:07:31,2023-01-01 00:35:46,N,1.0,132,22,1.0,19.0,71.6,2.25,0.5,0.0,0.0,,1.0,75.35,2.0,,0.0,yellow_taxi,1.25,
3318,1,2023-01-01 00:07:32,2023-01-01 00:17:24,N,1.0,142,151,1.0,3.2,15.6,3.5,0.5,2.8,0.0,,1.0,23.4,1.0,,2.5,yellow_taxi,0.0,
1562,2,2023-01-01 00:07:32,2023-01-01 00:15:05,N,1.0,79,107,1.0,1.26,9.3,1.0,0.5,2.86,0.0,,1.0,17.16,1.0,,2.5,yellow_taxi,0.0,
3881,2,2023-01-01 00:07:35,2023-01-01 00:11:08,N,1.0,142,143,1.0,0.6,5.8,1.0,0.5,2.7,0.0,,1.0,13.5,1.0,,2.5,yellow_taxi,0.0,
3507,2,2023-01-01 00:07:36,2023-01-01 00:22:00,N,1.0,231,148,2.0,1.91,14.9,1.0,0.5,0.0,0.0,,1.0,19.9,2.0,,2.5,yellow_taxi,0.0,
2995110,1,2023-01-01 00:07:37,2023-01-01 00:38:03,,,144,239,,0.0,25.89,0.0,0.5,0.0,0.0,,1.0,29.89,0.0,,,yellow_taxi,,
1092,2,2023-01-01 00:07:38,2023-01-01 00:14:37,N,1.0,79,229,1.0,2.39,11.4,1.0,0.5,10.0,0.0,,1.0,26.4,1.0,,2.5,yellow_taxi,0.0,
1712,2,2023-01-01 00:07:39,2023-01-01 00:15:52,N,1.0,113,231,1.0,1.97,11.4,1.0,0.5,0.0,0.0,,1.0,16.4,2.0,,2.5,yellow_taxi,0.0,
3932,2,2023-01-01 00:07:40,2023-01-01 00:14:21,N,1.0,162,237,1.0,0.83,7.9,1.0,0.5,2.58,0.0,,1.0,15.48,1.0,,2.5,yellow_taxi,0.0,
4154,2,2023-01-01 00:07:43,2023-01-01 00:32:33,N,1.0,263,223,1.0,6.25,30.3,1.0,0.5,10.59,0.0,,1.0,45.89,1.0,,2.5,yellow_taxi,0.0,
3705,1,2023-01-01 00:07:44,2023-01-01 00:13:13,N,1.0,148,4,1.0,0.8,6.5,3.5,0.5,2.9,0.0,,1.0,14.4,1.0,,2.5,yellow_taxi,0.0,
661,2,2023-01-01 00:07:44,2023-01-01 00:12:14,N,1.0,229,263,1.0,1.53,8.6,1.0,0.5,2.72,0.0,,1.0,16.32,1.0,,2.5,yellow_taxi,0.0,
1402,2,2023-01-01 00:07:45,2023-01-01 00:26:57,N,1.0,234,79,1.0,2.48,18.4,1.0,0.5,1.5,0.0,,1.0,24.9,1.0,,2.5,yellow_taxi,0.0,
3273,2,2023-01-01 00:07:45,2023-01-01 00:16:07,N,1.0,148,79,1.0,1.05,9.3,1.0,0.5,2.86,0.0,,1.0,17.16,1.0,,2.5,yellow_taxi,0.0,
3000,2,2023-01-01 00:07:46,2023-01-01 00:13:59,N,1.0,234,233,1.0,0.91,7.9,1.0,0.5,2.0,0.0,,1.0,14.9,1.0,,2.5,yellow_taxi,0.0,
2684,2,2023-01-01 00:07:47,2023-01-01 00:23:18,N,1.0,211,246,2.0,3.33,18.4,1.0,0.5,0.0,0.0,,1.0,23.4,2.0,,2.5,yellow_taxi,0.0,
4572,2,2023-01-01 00:07:47,2023-01-01 00:20:06,N,1.0,186,170,2.0,1.18,12.1,1.0,0.5,0.0,0.0,,1.0,17.1,2.0,,2.5,yellow_taxi,0.0,
4709,1,2023-01-01 00:07:50,2023-01-01 00:25:42,N,1.0,246,143,1.0,2.5,15.6,3.5,0.5,4.1,0.0,,1.0,24.7,1.0,,2.5,yellow_taxi,0.0,
2948,1,2023-01-01 00:07:51,2023-01-01 00:16:57,N,1.0,234,249,2.0,1.3,9.3,3.5,0.5,2.85,0.0,,1.0,17.15,1.0,,2.5,yellow_taxi,0.0,
856,2,2023-01-01 00:07:51,2023-01-01 00:13:33,N,1.0,229,107,1.0,1.79,9.3,1.0,0.5,2.86,0.0,,1.0,17.16,1.0,,2.5,yellow_taxi,0.0,
3125,2,2023-01-01 00:07:53,2023-01-01 00:13:05,N,1.0,79,170,1.0,1.2,7.9,1.0,0.5,2.58,0.0,,1.0,15.48,1.0,,2.5,yellow_taxi,0.0,
4478,2,2023-01-01 00:07:53,2023-01-01 00:12:12,N,1.0,148,211,1.0,0.57,6.5,1.0,0.5,1.0,0.0,,1.0,12.5,1.0,,2.5,yellow_taxi,0.0,
2682,2,2023-01-01 00:07:54,2023-01-01 00:35:52,N,1.0,132,80,1.0,18.37,69.5,1.0,0.5,23.0,0.0,,1.0,96.25,1.0,,0.0,yellow_taxi,1.25,
3167,1,2023-01-01 00:07:54,2023-01-01 00:24:00,N,1.0,140,113,2.0,4.0,19.8,3.5,0.5,4.96,0.0,,1.0,29.76,1.0,,2.5,yellow_taxi,0.0,
1518,2,2023-01-01 00:07:56,2023-01-01 00:17:30,N,1.0,229,148,2.0,3.66,16.3,1.0,0.5,4.26,0.0,,1.0,25.56,1.0,,2.5,yellow_taxi,0.0,
4050,2,2023-01-01 00:07:57,2023-01-01 00:12:41,N,1.0,162,107,2.0,0.98,7.2,1.0,0.5,3.05,0.0,,1.0,15.25,1.0,,2.5,yellow_taxi,0.0,
3522,2,2023-01-01 00:07:57,2023-01-01 00:12:02,N,1.0,107,164,2.0,0.6,6.5,1.0,0.5,2.3,0.0,,1.0,13.8,1.0,,2.5,yellow_taxi,0.0,
1411,1,2023-01-01 00:07:57,2023-01-01 00:33:52,N,1.0,68,152,1.0,6.6,29.6,3.5,0.5,0.0,0.0,,1.0,34.6,1.0,,2.5,yellow_taxi,0.0,
450,1,2023-01-01 00:07:59,2023-01-01 00:29:34,N,1.0,148,246,1.0,2.6,17.0,3.5,0.5,10.0,0.0,,1.0,32.0,1.0,,2.5,yellow_taxi,0.0,
3991,1,2023-01-01 00:08:01,2023-01-01 00:19:22,N,1.0,48,141,1.0,3.0,14.9,3.5,0.5,0.0,0.0,,1.0,19.9,2.0,,2.5,yellow_taxi,0.0,
2995261,2,2023-01-01 00:08:01,2023-01-01 00:21:56,,,170,142,,2.86,20.37,0.0,0.5,4.39,0.0,,1.0,28.76,0.0,,,yellow_taxi,,
1477,2,2023-01-01 00:08:01,2023-01-01 00:34:35,N,1.0,186,236,2.0,3.53,25.4,1.0,0.5,6.08,0.0,,1.0,36.48,1.0,,2.5,yellow_taxi,0.0,
2145,2,2023-01-01 00:08:02,2023-01-01 00:25:27,N,1.0,234,145,3.0,3.23,19.1,1.0,0.5,6.13,6.55,,1.0,36.78,1.0,,2.5,yellow_taxi,0.0,
1350,1,2023-01-01 00:08:02,2023-01-01 00:26:34,N,1.0,75,212,1.0,7.2,30.3,1.0,0.5,0.0,0.0,,1.0,32.8,2.0,,0.0,yellow_taxi,0.0,
2383,2,2023-01-01 00:08:02,2023-01-01 00:15:30,N,1.0,161,236,2.0,1.74,10.7,1.0,0.5,3.14,0.0,,1.0,18.84,1.0,,2.5,yellow_taxi,0.0,
4871,1,2023-01-01 00:08:03,2023-01-01 00:17:31,N,1.0,162,234,1.0,1.7,11.4,3.5,0.5,0.0,0.0,,1.0,16.4,3.0,,2.5,yellow_taxi,0.0,
2292,2,2023-01-01 00:08:04,2023-01-01 00:15:46,N,1.0,234,170,1.0,1.11,8.6,1.0,0.5,15.0,0.0,,1.0,28.6,1.0,,2.5,yellow_taxi,0.0,
150,2,2023-01-01 00:08:04,2023-01-01 00:33:29,N,1.0,234,186,1.0,1.46,21.9,1.0,0.5,5.38,0.0,,1.0,32.28,1.0,,2.5,yellow_taxi,0.0,
4225,2,2023-01-01 00:08:04,2023-01-01 00:26:06,N,1.0,161,148,2.0,4.9,24.7,1.0,0.5,5.94,0.0,,1.0,35.64,1.0,,2.5,yellow_taxi,0.0,
1004,2,2023-01-01 00:08:04,2023-01-01 00:27:12,N,1.0,79,263,2.0,4.24,21.2,1.0,0.5,5.24,0.0,,1.0,31.44,1.0,,2.5,yellow_taxi,0.0,
2013,2,2023-01-01 00:08:04,2023-01-01 00:14:17,N,1.0,142,143,4.0,0.95,8.6,1.0,0.5,2.72,0.0,,1.0,16.32,1.0,,2.5,yellow_taxi,0.0,
2634,1,2023-01-01 00:08:05,2023-01-01 00:19:21,N,1.0,144,158,1.0,2.2,12.1,3.5,0.5,2.0,0.0,,1.0,19.1,1.0,,2.5,yellow_taxi,0.0,
41,2,2023-01-01 00:08:05,2023-01-01 00:13:26,N,1.0,41,75,6.0,1.05,5.5,0.5,0.5,1.36,0.0,,0.3,8.16,1.0,1.0,0.0,green_taxi,,
307,2,2023-01-01 00:08:06,2023-01-01 00:16:23,N,1.0,249,246,1.0,2.18,11.4,1.0,0.5,4.92,0.0,,1.0,21.32,1.0,,2.5,yellow_taxi,0.0,
4766,2,2023-01-01 00:08:08,2023-01-01 00:23:18,N,1.0,132,95,1.0,8.69,34.5,1.0,0.5,7.4,0.0,,1.0,45.65,1.0,,0.0,yellow_taxi,1.25,
2838,2,2023-01-01 00:08:10,2023-01-01 00:12:55,N,1.0,79,107,1.0,0.75,6.5,1.0,0.5,0.0,0.0,,1.0,11.5,2.0,,2.5,yellow_taxi,0.0,
550,2,2023-01-01 00:08:12,2023-01-01 00:26:22,N,1.0,114,140,1.0,5.61,26.8,1.0,0.5,6.36,0.0,,1.0,38.16,1.0,,2.5,yellow_taxi,0.0,
4239,2,2023-01-01 00:08:15,2023-01-01 00:19:56,N,1.0,164,125,1.0,2.62,14.2,1.0,0.5,3.84,0.0,,1.0,23.04,1.0,,2.5,yellow_taxi,0.0,
3962,1,2023-01-01 00:08:15,2023-01-01 00:15:51,N,1.0,24,239,1.0,1.4,10.7,3.5,0.5,0.0,0.0,,1.0,15.7,2.0,,2.5,yellow_taxi,0.0,
400,1,2023-01-01 00:08:16,2023-01-01 00:28:49,N,1.0,140,40,1.0,8.6,35.9,3.5,0.5,0.0,0.0,,1.0,40.9,2.0,,2.5,yellow_taxi,0.0,
2597,2,2023-01-01 00:08:17,2023-01-01 00:31:03,N,1.0,249,246,2.0,2.57,21.2,1.0,0.5,5.24,0.0,,1.0,31.44,1.0,,2.5,yellow_taxi,0.0,
4493,2,2023-01-01 00:08:17,2023-01-01 00:41:34,N,1.0,132,25,1.0,12.52,52.7,1.0,0.5,8.28,0.0,,1.0,63.48,1.0,,0.0,yellow_taxi,0.0,
1876,2,2023-01-01 00:08:17,2023-01-01 00:18:12,N,1.0,161,234,1.0,1.11,10.7,1.0,0.5,3.14,0.0,,1.0,18.84,1.0,,2.5,yellow_taxi,0.0,
2995071,2,2023-01-01 00:08:18,2023-01-01 00:16:33,,,107,79,,0.92,12.8,0.0,0.5,3.0,0.0,,1.0,19.8,0.0,,,yellow_taxi,,
2523,2,2023-01-01 00:08:18,2023-01-01 00:44:37,N,1.0,100,148,2.0,4.34,32.4,1.0,0.5,0.0,0.0,,1.0,37.4,2.0,,2.5,yellow_taxi,0.0,
2926,2,2023-01-01 00:08:19,2023-01-01 00:26:57,N,1.0,144,162,1.0,3.18,19.1,1.0,0.5,4.82,0.0,,1.0,28.92,1.0,,2.5,yellow_taxi,0.0,
959,2,2023-01-01 00:08:20,2023-01-01 00:26:44,N,1.0,239,226,5.0,5.43,24.7,1.0,0.5,7.42,0.0,,1.0,37.12,1.0,,2.5,yellow_taxi,0.0,
3128,2,2023-01-01 00:08:22,2023-01-01 00:28:17,N,1.0,236,107,1.0,3.37,21.2,1.0,0.5,5.24,0.0,,1.0,31.44,1.0,,2.5,yellow_taxi,0.0,
743,2,2023-01-01 00:08:22,2023-01-01 00:12:33,N,1.0,263,239,1.0,1.1,7.2,1.0,0.5,2.44,0.0,,1.0,14.64,1.0,,2.5,yellow_taxi,0.0,
2466,2,2023-01-01 00:08:23,2023-01-01 00:41:20,N,5.0,60,265,1.0,25.84,100.0,0.0,0.0,8.03,15.97,,1.0,125.0,1.0,,0.0,yellow_taxi,0.0,
612,1,2023-01-01 00:08:24,2023-01-01 00:28:36,N,1.0,79,43,3.0,5.3,23.3,3.5,0.5,8.45,0.0,,1.0,36.75,1.0,,2.5,yellow_taxi,0.0,
4257,2,2023-01-01 00:08:26,2023-01-01 00:20:50,N,1.0,170,87,2.0,4.8,21.2,1.0,0.5,5.0,0.0,,1.0,31.2,1.0,,2.5,yellow_taxi,0.0,
3039,2,2023-01-01 00:08:26,2023-01-01 00:37:49,N,1.0,264,61,1.0,13.83,54.1,1.0,0.5,11.82,0.0,,1.0,70.92,1.0,,2.5,yellow_taxi,0.0,
1967,2,2023-01-01 00:08:26,2023-01-01 00:11:51,N,1.0,125,249,2.0,0.36,5.1,1.0,0.5,2.02,0.0,,1.0,12.12,1.0,,2.5,yellow_taxi,0.0,
3358,2,2023-01-01 00:08:27,2023-01-01 00:13:35,N,1.0,229,141,1.0,0.91,7.2,1.0,0.5,2.44,0.0,,1.0,14.64,1.0,,2.5,yellow_taxi,0.0,
796,2,2023-01-01 00:08:28,2023-01-01 00:14:58,N,1.0,236,262,1.0,1.03,8.6,1.0,0.5,1.75,0.0,,1.0,15.35,1.0,,2.5,yellow_taxi,0.0,
2278,1,2023-01-01 00:08:29,2023-01-01 00:25:41,N,1.0,141,129,1.0,10.5,43.6,3.5,0.5,0.0,0.0,,1.0,48.6,2.0,,2.5,yellow_taxi,0.0,
806,2,2023-01-01 00:08:31,2023-01-01 00:22:41,N,1.0,162,137,1.0,0.89,13.5,1.0,0.5,2.0,0.0,,1.0,20.5,1.0,,2.5,yellow_taxi,0.0,
2985,2,2023-01-01 00:08:31,2023-01-01 00:14:47,N,1.0,141,162,1.0,1.61,9.3,1.0,0.5,1.0,0.0,,1.0,15.3,1.0,,2.5,yellow_taxi,0.0,
271,1,2023-01-01 00:08:31,2023-01-01 00:16:39,N,1.0,161,229,2.0,0.7,8.6,3.5,0.5,0.0,0.0,,1.0,13.6,2.0,,2.5,yellow_taxi,0.0,
1267,2,2023-01-01 00:08:32,2023-01-01 00:19:17,N,1.0,162,75,2.0,2.67,14.2,1.0,0.5,3.84,0.0,,1.0,23.04,1.0,,2.5,yellow_taxi,0.0,
3557,2,2023-01-01 00:08:32,2023-01-01 00:16:33,N,1.0,239,50,1.0,1.85,10.7,1.0,0.5,3.14,0.0,,1.0,18.84,1.0,,2.5,yellow_taxi,0.0,
2112,2,2023-01-01 00:08:33,2023-01-01 00:23:51,N,1.0,237,186,1.0,2.72,17.0,1.0,0.5,5.0,0.0,,1.0,27.0,1.0,,2.5,yellow_taxi,0.0,
288,2,2023-01-01 00:08:33,2023-01-01 00:10:54,N,1.0,263,141,1.0,0.92,5.8,1.0,0.5,0.0,0.0,,1.0,10.8,2.0,,2.5,yellow_taxi,0.0,
69,1,2023-01-01 00:08:33,2023-01-01 00:10:20,N,1.0,148,79,4.0,0.3,3.7,3.5,0.5,1.7,0.0,,1.0,10.4,1.0,,2.5,yellow_taxi,0.0,
4872,2,2023-01-01 00:08:34,2023-01-01 00:44:34,N,1.0,132,181,4.0,26.74,97.5,1.0,0.5,20.0,0.0,,1.0,121.25,1.0,,0.0,yellow_taxi,1.25,
1902,2,2023-01-01 00:08:35,2023-01-01 00:17:43,N,1.0,234,137,1.0,1.2,10.0,1.0,0.5,0.0,0.0,,1.0,15.0,1.0,,2.5,yellow_taxi,0.0,
1270,1,2023-01-01 00:08:35,2023-01-01 00:17:08,N,1.0,142,239,1.0,1.1,7.9,3.5,0.5,5.0,0.0,,1.0,17.9,1.0,,2.5,yellow_taxi,0.0,
4726,2,2023-01-01 00:08:36,2023-01-01 00:17:40,N,1.0,141,239,1.0,1.88,12.1,1.0,0.5,4.28,0.0,,1.0,21.38,1.0,,2.5,yellow_taxi,0.0,
1246,2,2023-01-01 00:08:36,2023-01-01 00:23:13,N,1.0,113,141,1.0,4.43,19.8,1.0,0.5,3.72,0.0,,1.0,28.52,1.0,,2.5,yellow_taxi,0.0,
2068,1,2023-01-01 00:08:36,2023-01-01 00:12:54,N,1.0,162,137,1.0,1.0,7.2,3.5,0.5,3.65,0.0,,1.0,15.85,1.0,,2.5,yellow_taxi,0.0,
2515,2,2023-01-01 00:08:37,2023-01-01 00:14:38,N,1.0,87,13,2.0,1.34,9.3,1.0,0.5,1.0,0.0,,1.0,15.3,1.0,,2.5,yellow_taxi,0.0,
3697,2,2023-01-01 00:08:39,2023-01-01 00:15:56,N,1.0,148,79,1.0,0.95,8.6,1.0,0.5,2.72,0.0,,1.0,16.32,1.0,,2.5,yellow_taxi,0.0,
2074,2,2023-01-01 00:08:39,2023-01-01 00:39:24,N,1.0,158,141,3.0,4.91,28.9,1.0,0.5,6.78,0.0,,1.0,40.68,1.0,,2.5,yellow_taxi,0.0,
3868,2,2023-01-01 00:08:40,2023-01-01 00:27:03,N,1.0,246,229,1.0,3.16,19.1,1.0,0.5,6.03,0.0,,1.0,30.13,1.0,,2.5,yellow_taxi,0.0,
4788,1,2023-01-01 00:08:40,2023-01-01 00:24:29,N,1.0,166,159,1.0,3.1,18.4,1.0,0.5,0.0,0.0,,1.0,20.9,1.0,,0.0,yellow_taxi,0.0,
4260,2,2023-01-01 00:08:42,2023-01-01 00:22:44,N,1.0,132,39,4.0,8.9,34.5,1.0,0.5,0.0,0.0,,1.0,38.25,2.0,,0.0,yellow_taxi,1.25,
11,2,2023-01-01 00:08:43,2023-01-01 00:17:08,N,1.0,75,140,1.0,1.99,11.4,1.0,0.5,3.33,0.0,,1.0,19.98,1.0,1.0,2.75,green_taxi,,
2236,1,2023-01-01 00:08:44,2023-01-01 00:18:25,N,1.0,41,75,1.0,1.2,9.3,1.0,0.5,0.0,0.0,,1.0,11.8,4.0,,0.0,yellow_taxi,0.0,
4708,2,2023-01-01 00:08:45,2023-01-01 00:34:41,N,1.0,114,61,1.0,5.7,30.3,1.0,0.5,0.0,0.0,,1.0,35.3,2.0,,2.5,yellow_taxi,0.0,
2388,2,2023-01-01 00:08:48,2023-01-01 00:38:56,N,1.0,48,68,1.0,1.07,23.3,1.0,0.5,4.24,0.0,,1.0,32.54,1.0,,2.5,yellow_taxi,0.0,
3436,2,2023-01-01 00:08:48,2023-01-01 00:18:24,N,1.0,170,140,1.0,2.23,12.1,1.0,0.5,3.42,0.0,,1.0,20.52,1.0,,2.5,yellow_taxi,0.0,
4511,1,2023-01-01 00:08:49,2023-01-01 00:26:15,N,1.0,170,43,0.0,1.5,16.3,3.5,0.5,0.0,0.0,,1.0,21.3,2.0,,2.5,yellow_taxi,0.0,
191,1,2023-01-01 00:08:50,2023-01-01 00:22:13,N,1.0,142,50,3.0,1.9,14.2,3.5,0.5,5.0,0.0,,1.0,24.2,1.0,,2.5,yellow_taxi,0.0,
4773,2,2023-01-01 00:08:50,2023-01-01 00:11:42,N,1.0,249,90,6.0,0.69,5.8,1.0,0.5,2.16,0.0,,1.0,12.96,1.0,,2.5,yellow_taxi,0.0,
2361,2,2023-01-01 00:08:51,2023-01-01 00:23:00,N,1.0,170,43,2.0,1.83,14.2,1.0,0.5,0.0,0.0,,1.0,19.2,2.0,,2.5,yellow_taxi,0.0,
3496,2,2023-01-01 00:08:52,2023-01-01 00:14:17,N,1.0,229,237,1.0,1.16,7.9,1.0,0.5,2.58,0.0,,1.0,15.48,1.0,,2.5,yellow_taxi,0.0,
4691,2,2023-01-01 00:08:52,2023-01-01 00:38:14,N,1.0,107,107,1.0,3.72,26.8,1.0,0.5,0.0,0.0,,1.0,31.8,1.0,,2.5,yellow_taxi,0.0,
599,2,2023-01-01 00:08:53,2023-01-01 00:17:08,N,1.0,79,231,1.0,1.41,10.7,1.0,0.5,2.36,0.0,,1.0,18.06,1.0,,2.5,yellow_taxi,0.0,
4525,2,2023-01-01 00:08:54,2023-01-01 00:16:26,N,1.0,263,233,3.0,2.45,12.1,1.0,0.5,0.0,0.0,,1.0,17.1,2.0,,2.5,yellow_taxi,0.0,
4101,1,2023-01-01 00:08:54,2023-01-01 00:13:12,N,1.0,262,236,1.0,0.7,6.5,3.5,0.5,2.3,0.0,,1.0,13.8,1.0,,2.5,yellow_taxi,0.0,
431,2,2023-01-01 00:08:59,2023-01-01 00:24:23,N,1.0,262,79,1.0,5.38,24.0,1.0,0.5,5.8,0.0,,1.0,34.8,1.0,,2.5,yellow_taxi,0.0,
2651,1,2023-01-01 00:09:00,2023-01-01 00:17:28,Y,1.0,79,170,1.0,1.7,10.0,3.5,0.5,3.0,0.0,,1.0,18.0,1.0,,2.5,yellow_taxi,0.0,
3243,2,2023-01-01 00:09:00,2023-01-01 00:18:42,N,1.0,163,164,2.0,1.5,11.4,1.0,0.5,0.0,0.0,,1.0,16.4,2.0,,2.5,yellow_taxi,0.0,
3961,2,2023-01-01 00:09:01,2023-01-01 00:27:43,N,1.0,132,39,1.0,9.35,37.3,1.0,0.5,0.0,0.0,,1.0,41.05,2.0,,0.0,yellow_taxi,1.25,
3863,1,2023-01-01 00:09:02,2023-01-01 00:31:45,N,2.0,132,233,3.0,16.7,70.0,3.75,0.5,16.35,6.55,,1.0,98.15,1.0,,2.5,yellow_taxi,1.25,
1457,1,2023-01-01 00:09:02,2023-01-01 00:16:29,Y,1.0,237,262,2.0,1.8,10.0,3.5,0.5,0.0,0.0,,1.0,15.0,2.0,,2.5,yellow_taxi,0.0,
792,2,2023-01-01 00:09:03,2023-01-01 00:33:10,N,1.0,138,186,2.0,9.19,39.4,6.0,0.5,0.0,6.55,,1.0,57.2,2.0,,2.5,yellow_taxi,1.25,
2513,2,2023-01-01 00:09:05,2023-01-01 00:52:02,N,5.0,132,265,2.0,33.25,220.0,0.0,0.0,68.27,6.55,,1.0,297.07,1.0,,0.0,yellow_taxi,1.25,
3431,2,2023-01-01 00:09:06,2023-01-01 00:38:25,N,1.0,68,263,1.0,4.44,29.6,1.0,0.5,6.92,0.0,,1.0,41.52,1.0,,2.5,yellow_taxi,0.0,
4633,1,2023-01-01 00:09:07,2023-01-01 00:44:25,N,1.0,246,140,1.0,4.3,32.4,3.5,0.5,9.3,0.0,,1.0,46.7,1.0,,2.5,yellow_taxi,0.0,
988,2,2023-01-01 00:09:08,2023-01-01 00:14:48,N,1.0,79,170,1.0,1.39,8.6,1.0,0.5,2.72,0.0,,1.0,16.32,1.0,,2.5,yellow_taxi,0.0,
3157,2,2023-01-01 00:09:09,2023-01-01 00:34:51,N,1.0,231,141,2.0,5.24,27.5,1.0,0.5,6.5,0.0,,1.0,39.0,1.0,,2.5,yellow_taxi,0.0,
3197,2,2023-01-01 00:09:09,2023-01-01 00:14:45,N,1.0,114,231,2.0,1.31,7.9,1.0,0.5,2.58,0.0,,1.0,15.48,1.0,,2.5,yellow_taxi,0.0,
3285,2,2023-01-01 00:09:10,2023-01-01 00:16:46,N,1.0,237,236,2.0,1.57,10.0,1.0,0.5,0.0,0.0,,1.0,15.0,2.0,,2.5,yellow_taxi,0.0,
2005,2,2023-01-01 00:09:10,2023-01-01 00:21:22,N,1.0,234,87,1.0,4.48,20.5,1.0,0.5,5.1,0.0,,1.0,30.6,1.0,,2.5,yellow_taxi,0.0,
681,1,2023-01-01 00:09:10,2023-01-01 00:22:53,N,1.0,90,246,2.0,1.6,12.1,3.5,0.5,3.4,0.0,,1.0,20.5,1.0,,2.5,yellow_taxi,0.0,
1472,2,2023-01-01 00:09:11,2023-01-01 00:19:49,N,1.0,161,161,2.0,0.22,10.0,1.0,0.5,3.0,0.0,,1.0,18.0,1.0,,2.5,yellow_taxi,0.0,
3771,2,2023-01-01 00:09:12,2023-01-01 00:26:45,N,1.0,141,114,1.0,5.97,27.5,1.0,0.5,9.5,0.0,,1.0,42.0,1.0,,2.5,yellow_taxi,0.0,
1803,1,2023-01-01 00:09:13,2023-01-01 00:39:32,Y,1.0,142,164,2.0,3.2,21.9,3.5,0.5,0.0,0.0,,1.0,26.9,2.0,,2.5,yellow_taxi,0.0,
3765,2,2023-01-01 00:09:14,2023-01-01 00:22:48,N,1.0,249,224,1.0,1.79,13.5,1.0,0.5,3.7,0.0,,1.0,22.2,1.0,,2.5,yellow_taxi,0.0,
6,1,2023-01-01 00:09:14,2023-01-01 00:26:39,N,1.0,181,45,2.0,3.8,19.1,3.75,1.5,4.85,0.0,,1.0,29.2,1.0,1.0,2.75,green_taxi,,
4965,2,2023-01-01 00:09:14,2023-01-01 00:33:35,N,1.0,158,141,2.0,4.25,24.7,1.0,0.5,5.94,0.0,,1.0,35.64,1.0,,2.5,yellow_taxi,0.0,
1574,2,2023-01-01 00:09:14,2023-01-01 00:20:08,N,1.0,137,43,1.0,2.41,13.5,1.0,0.5,3.7,0.0,,1.0,22.2,1.0,,2.5,yellow_taxi,0.0,
4236,2,2023-01-01 00:09:15,2023-01-01 00:28:04,N,1.0,186,114,1.0,2.03,17.0,1.0,0.5,1.0,0.0,,1.0,23.0,1.0,,2.5,yellow_taxi,0.0,
2830,2,2023-01-01 00:09:15,2023-01-01 00:29:02,N,1.0,43,68,3.0,2.85,19.8,1.0,0.5,5.0,0.0,,1.0,29.8,1.0,,2.5,yellow_taxi,0.0,
1827,2,2023-01-01 00:09:15,2023-01-01 00:17:56,N,1.0,79,170,2.0,1.73,10.7,1.0,0.5,4.71,0.0,,1.0,20.41,1.0,,2.5,yellow_taxi,0.0,
4870,2,2023-01-01 00:09:15,2023-01-01 00:10:10,N,1.0,141,141,3.0,0.0,3.0,1.0,0.5,0.0,0.0,,1.0,8.0,2.0,,2.5,yellow_taxi,0.0,
1598,2,2023-01-01 00:09:16,2023-01-01 00:10:43,N,1.0,68,68,3.0,0.21,3.0,0.5,0.5,0.0,0.0,,0.3,6.8,2.0,,2.5,yellow_taxi,0.0,
96,2,2023-01-01 00:09:16,2023-01-01 00:30:17,N,1.0,138,95,1.0,6.22,31.0,6.0,0.5,0.0,0.0,,1.0,39.75,2.0,,0.0,yellow_taxi,1.25,
296,1,2023-01-01 00:09:18,2023-01-01 00:28:25,N,1.0,107,236,1.0,3.6,21.2,3.5,0.5,7.85,0.0,,1.0,34.05,1.0,,2.5,yellow_taxi,0.0,
4624,2,2023-01-01 00:09:18,2023-01-01 00:26:47,N,1.0,132,91,1.0,7.57,31.0,1.0,0.5,0.0,0.0,,1.0,35.45,1.0,,0.0,yellow_taxi,0.0,
3921,2,2023-01-01 00:09:19,2023-01-01 00:19:58,N,1.0,43,163,2.0,0.99,10.7,1.0,0.5,3.92,0.0,,1.0,19.62,1.0,,2.5,yellow_taxi,0.0,
1021,2,2023-01-01 00:09:19,2023-01-01 00:13:48,N,1.0,237,237,1.0,0.84,7.2,1.0,0.5,0.0,0.0,,1.0,12.2,2.0,,2.5,yellow_taxi,0.0,
1821,1,2023-01-01 00:09:19,2023-01-01 00:24:49,N,1.0,107,261,2.0,4.6,22.6,3.5,0.5,2.0,0.0,,1.0,29.6,1.0,,2.5,yellow_taxi,0.0,
1532,2,2023-01-01 00:09:19,2023-01-01 00:18:25,N,1.0,234,229,2.0,2.23,12.1,1.0,0.5,0.0,0.0,,1.0,17.1,2.0,,2.5,yellow_taxi,0.0,
877,1,2023-01-01 00:09:21,2023-01-01 00:45:14,N,1.0,161,113,1.0,2.6,28.2,3.5,0.5,6.65,0.0,,1.0,39.85,1.0,,2.5,yellow_taxi,0.0,
2029,2,2023-01-01 00:09:22,2023-01-01 00:22:52,N,1.0,263,87,1.0,7.22,29.6,1.0,0.5,6.92,0.0,,1.0,41.52,1.0,,2.5,yellow_taxi,0.0,
6,2,2023-01-01 00:09:22,2023-01-01 00:19:49,N,1.0,239,143,1.0,1.66,12.1,1.0,0.5,3.42,0.0,,1.0,20.52,1.0,,2.5,yellow_taxi,0.0,
3625,1,2023-01-01 00:09:23,2023-01-01 00:16:41,N,1.0,236,237,1.0,1.2,9.3,3.5,0.5,0.0,0.0,,1.0,14.3,2.0,,2.5,yellow_taxi,0.0,
4917,1,2023-01-01 00:09:23,2023-01-01 00:59:45,N,1.0,246,90,1.0,1.8,38.7,3.5,0.5,10.9,0.0,,1.0,54.6,1.0,,2.5,yellow_taxi,0.0,
2364,2,2023-01-01 00:09:24,2023-01-01 00:20:01,N,1.0,249,170,1.0,2.26,12.8,1.0,0.5,3.56,0.0,,1.0,21.36,1.0,,2.5,yellow_taxi,0.0,
135,2,2023-01-01 00:09:27,2023-01-01 00:15:04,N,1.0,236,75,1.0,0.8,5.5,0.5,0.5,1.86,0.0,,0.3,11.16,1.0,,2.5,yellow_taxi,0.0,
3633,2,2023-01-01 00:09:28,2023-01-01 00:12:40,N,1.0,229,237,1.0,0.58,5.8,1.0,0.5,2.16,0.0,,1.0,12.96,1.0,,2.5,yellow_taxi,0.0,
3023,2,2023-01-01 00:09:28,2023-01-01 00:29:02,N,1.0,142,90,3.0,2.92,19.1,1.0,0.5,0.0,0.0,,1.0,24.1,2.0,,2.5,yellow_taxi,0.0,
879,2,2023-01-01 00:09:28,2023-01-01 00:15:53,N,1.0,263,74,1.0,2.06,10.0,1.0,0.5,3.0,0.0,,1.0,18.0,1.0,,2.5,yellow_taxi,0.0,
13,2,2023-01-01 00:09:29,2023-01-01 00:29:23,N,1.0,138,33,2.0,11.43,44.3,6.0,0.5,13.26,0.0,,1.0,66.31,1.0,,0.0,yellow_taxi,1.25,
3617,2,2023-01-01 00:09:29,2023-01-01 00:17:24,N,1.0,79,233,1.0,1.64,10.0,1.0,0.5,3.0,0.0,,1.0,18.0,1.0,,2.5,yellow_taxi,0.0,
3570,2,2023-01-01 00:09:29,2023-01-01 00:21:52,N,1.0,107,246,1.0,1.83,12.8,1.0,0.5,1.0,0.0,,1.0,18.8,1.0,,2.5,yellow_taxi,0.0,
2008,2,2023-01-01 00:09:30,2023-01-01 00:56:23,N,1.0,48,177,1.0,1.77,13.5,1.0,0.5,0.0,0.0,,1.0,18.5,2.0,,2.5,yellow_taxi,0.0,
4909,2,2023-01-01 00:09:31,2023-01-01 00:45:00,N,1.0,164,249,4.0,5.19,31.0,1.0,0.5,7.2,0.0,,1.0,43.2,1.0,,2.5,yellow_taxi,0.0,
972,2,2023-01-01 00:09:32,2023-01-01 00:19:43,N,1.0,148,158,1.0,1.9,12.1,1.0,0.5,3.42,0.0,,1.0,20.52,1.0,,2.5,yellow_taxi,0.0,
3927,2,2023-01-01 00:09:33,2023-01-01 00:17:44,N,1.0,79,125,1.0,1.1,9.3,1.0,0.5,2.57,0.0,,1.0,16.87,1.0,,2.5,yellow_taxi,0.0,
1161,1,2023-01-01 00:09:34,2023-01-01 00:16:47,N,1.0,162,236,1.0,2.1,10.7,3.5,0.5,4.7,0.0,,1.0,20.4,1.0,,2.5,yellow_taxi,0.0,
3856,2,2023-01-01 00:09:35,2023-01-01 00:16:26,N,1.0,162,164,3.0,0.81,7.9,1.0,0.5,0.0,0.0,,1.0,12.9,2.0,,2.5,yellow_taxi,0.0,
467,2,2023-01-01 00:09:35,2023-01-01 00:27:51,N,1.0,114,236,1.0,4.19,21.2,1.0,0.5,5.24,0.0,,1.0,31.44,1.0,,2.5,yellow_taxi,0.0,
2107,2,2023-01-01 00:09:35,2023-01-01 00:22:12,N,1.0,90,164,1.0,1.45,12.1,1.0,0.5,4.28,0.0,,1.0,21.38,1.0,,2.5,yellow_taxi,0.0,
2995126,2,2023-01-01 00:09:36,2023-01-01 00:21:45,,,140,239,,2.34,16.38,0.0,0.5,2.04,0.0,,1.0,22.42,0.0,,,yellow_taxi,,
83,2,2023-01-01 00:09:36,2023-01-01 00:16:32,N,1.0,79,148,1.0,0.64,7.9,1.0,0.5,1.29,0.0,,1.0,14.19,1.0,,2.5,yellow_taxi,0.0,
4486,1,2023-01-01 00:09:36,2023-01-01 00:09:53,N,5.0,265,265,1.0,0.0,90.0,0.0,0.0,20.0,0.0,,1.0,111.0,1.0,,0.0,yellow_taxi,0.0,
4214,2,2023-01-01 00:09:36,2023-01-01 00:14:07,N,1.0,164,164,1.0,0.53,5.8,1.0,0.5,0.0,0.0,,1.0,10.8,1.0,,2.5,yellow_taxi,0.0,
1933,2,2023-01-01 00:09:37,2023-01-01 00:11:49,N,1.0,263,141,1.0,0.77,5.1,1.0,0.5,2.02,0.0,,1.0,12.12,1.0,,2.5,yellow_taxi,0.0,
85,2,2023-01-01 00:09:41,2023-01-01 00:21:28,N,1.0,68,13,1.0,3.04,15.6,1.0,0.5,2.4,0.0,,1.0,23.0,1.0,,2.5,yellow_taxi,0.0,
4918,2,2023-01-01 00:09:41,2023-01-01 00:22:59,N,1.0,142,263,2.0,2.55,14.9,1.0,0.5,3.98,0.0,,1.0,23.88,1.0,,2.5,yellow_taxi,0.0,
4417,2,2023-01-01 00:09:43,2023-01-01 00:41:56,N,1.0,68,75,2.0,4.75,31.7,1.0,0.5,11.01,0.0,,1.0,47.71,1.0,,2.5,yellow_taxi,0.0,
483,2,2023-01-01 00:09:43,2023-01-01 00:16:41,N,1.0,43,238,3.0,1.9,10.7,1.0,0.5,0.78,0.0,,1.0,16.48,1.0,,2.5,yellow_taxi,0.0,
2165,1,2023-01-01 00:09:44,2023-01-01 00:15:27,N,1.0,263,229,1.0,1.4,8.6,3.5,0.5,0.0,0.0,,1.0,13.6,2.0,,2.5,yellow_taxi,0.0,
4132,1,2023-01-01 00:09:45,2023-01-01 00:19:56,N,1.0,79,249,1.0,1.5,11.4,3.5,0.5,4.05,0.0,,1.0,20.45,1.0,,2.5,yellow_taxi,0.0,
1641,2,2023-01-01 00:09:45,2023-01-01 00:18:42,N,1.0,137,88,5.0,4.37,18.4,1.0,0.5,5.85,0.0,,1.0,29.25,1.0,,2.5,yellow_taxi,0.0,
973,1,2023-01-01 00:09:46,2023-01-01 00:37:12,N,1.0,158,24,1.0,6.3,30.3,3.5,0.5,5.29,0.0,,1.0,40.59,1.0,,2.5,yellow_taxi,0.0,
3563,2,2023-01-01 00:09:46,2023-01-01 00:32:13,N,1.0,238,233,2.0,0.0,18.4,1.0,0.5,4.68,0.0,,1.0,28.08,1.0,,2.5,yellow_taxi,0.0,
4340,1,2023-01-01 00:09:46,2023-01-01 00:29:58,N,1.0,163,232,1.0,4.9,23.3,3.5,0.5,0.0,0.0,,1.0,28.3,3.0,,2.5,yellow_taxi,0.0,
2995201,2,2023-01-01 00:09:47,2023-01-01 00:19:21,,,141,142,,1.56,13.07,0.0,0.5,3.41,0.0,,1.0,20.48,0.0,,,yellow_taxi,,
2139,2,2023-01-01 00:09:47,2023-01-01 00:45:27,N,1.0,125,41,6.0,7.41,41.5,1.0,0.5,0.0,0.0,,1.0,46.5,2.0,,2.5,yellow_taxi,0.0,
617,2,2023-01-01 00:09:48,2023-01-01 00:24:58,N,1.0,107,87,1.0,4.79,22.6,1.0,0.5,5.0,0.0,,1.0,32.6,1.0,,2.5,yellow_taxi,0.0,
4835,2,2023-01-01 00:09:48,2023-01-01 00:15:55,N,1.0,113,137,1.0,1.44,8.6,1.0,0.5,1.36,0.0,,1.0,14.96,1.0,,2.5,yellow_taxi,0.0,
534,2,2023-01-01 00:09:48,2023-01-01 00:31:40,N,1.0,90,48,1.0,1.96,19.8,1.0,0.5,6.2,0.0,,1.0,31.0,1.0,,2.5,yellow_taxi,0.0,
2989,2,2023-01-01 00:09:49,2023-01-01 00:33:53,N,1.0,68,48,2.0,2.35,21.2,1.0,0.5,0.0,0.0,,1.0,26.2,1.0,,2.5,yellow_taxi,0.0,
198,2,2023-01-01 00:09:49,2023-01-01 00:12:30,N,1.0,79,79,1.0,0.29,4.4,1.0,0.5,1.0,0.0,,1.0,10.4,1.0,,2.5,yellow_taxi,0.0,
1014,2,2023-01-01 00:09:50,2023-01-01 00:29:48,N,1.0,234,7,2.0,5.15,24.7,1.0,0.5,5.94,0.0,,1.0,35.64,1.0,,2.5,yellow_taxi,0.0,
1769,2,2023-01-01 00:09:50,2023-01-01 00:15:27,N,1.0,238,151,1.0,0.77,7.9,1.0,0.5,2.58,0.0,,1.0,15.48,1.0,,2.5,yellow_taxi,0.0,
3843,2,2023-01-01 00:09:50,2023-01-01 00:16:03,N,1.0,114,148,1.0,0.86,7.9,1.0,0.5,1.29,0.0,,1.0,14.19,1.0,,2.5,yellow_taxi,0.0,
1763,1,2023-01-01 00:09:51,2023-01-01 00:27:01,N,1.0,263,207,1.0,5.0,21.9,3.5,0.5,0.0,0.0,,1.0,26.9,2.0,,2.5,yellow_taxi,0.0,
674,2,2023-01-01 00:09:51,2023-01-01 00:18:59,Y,1.0,137,162,2.0,0.97,10.0,1.0,0.5,2.0,0.0,,1.0,17.0,1.0,,2.5,yellow_taxi,0.0,
3468,2,2023-01-01 00:09:51,2023-01-01 00:29:27,N,1.0,234,141,1.0,3.39,20.5,1.0,0.5,5.1,0.0,,1.0,30.6,1.0,,2.5,yellow_taxi,0.0,
1209,2,2023-01-01 00:09:51,2023-01-01 00:39:34,N,1.0,148,50,2.0,4.3,29.6,1.0,0.5,5.4,0.0,,1.0,40.0,1.0,,2.5,yellow_taxi,0.0,
1907,2,2023-01-01 00:09:51,2023-01-01 00:13:25,N,1.0,164,113,1.0,0.84,6.5,1.0,0.5,2.3,0.0,,1.0,13.8,1.0,,2.5,yellow_taxi,0.0,
894,2,2023-01-01 00:09:52,2023-01-01 00:16:20,N,1.0,249,113,6.0,1.1,8.6,1.0,0.5,1.0,0.0,,1.0,14.6,1.0,,2.5,yellow_taxi,0.0,
2713,1,2023-01-01 00:09:53,2023-01-01 00:24:19,N,1.0,229,158,2.0,3.5,18.4,3.5,0.5,0.0,0.0,,1.0,23.4,2.0,,2.5,yellow_taxi,0.0,
4033,2,2023-01-01 00:09:53,2023-01-01 00:22:29,N,1.0,262,142,1.0,2.5,14.9,1.0,0.5,3.98,0.0,,1.0,23.88,1.0,,2.5,yellow_taxi,0.0,
3675,2,2023-01-01 00:09:54,2023-01-01 00:36:28,N,1.0,237,228,1.0,10.95,45.7,1.0,0.5,10.0,6.55,,1.0,67.25,1.0,,2.5,yellow_taxi,0.0,
2904,2,2023-01-01 00:09:55,2023-01-01 00:18:05,N,1.0,161,170,1.0,1.12,-9.3,-1.0,-0.5,0.0,0.0,,-1.0,-14.3,4.0,,-2.5,yellow_taxi,0.0,
2905,2,2023-01-01 00:09:55,2023-01-01 00:18:05,N,1.0,161,170,1.0,1.12,9.3,1.0,0.5,0.0,0.0,,1.0,14.3,4.0,,2.5,yellow_taxi,0.0,
1735,2,2023-01-01 00:09:56,2023-01-01 00:18:59,N,1.0,107,88,1.0,3.88,17.7,1.0,0.5,5.67,0.0,,1.0,28.37,1.0,,2.5,yellow_taxi,0.0,
901,2,2023-01-01 00:09:56,2023-01-01 00:26:13,N,1.0,79,262,1.0,5.08,24.0,1.0,0.5,5.8,0.0,,1.0,34.8,1.0,,2.5,yellow_taxi,0.0,
4780,2,2023-01-01 00:09:56,2023-01-01 00:16:15,N,1.0,237,262,2.0,1.04,8.6,1.0,0.5,1.0,0.0,,1.0,14.6,1.0,,2.5,yellow_taxi,0.0,
643,2,2023-01-01 00:09:59,2023-01-01 00:33:44,N,1.0,143,234,1.0,3.57,21.9,1.0,0.5,4.04,0.0,,1.0,30.94,1.0,,2.5,yellow_taxi,0.0,
3393,1,2023-01-01 00:10:00,2023-01-01 00:17:21,N,1.0,141,141,1.0,0.5,5.1,3.5,0.5,2.0,0.0,,1.0,12.1,1.0,,2.5,yellow_taxi,0.0,
76,2,2023-01-01 00:10:02,2023-01-01 00:16:02,N,1.0,238,238,1.0,0.82,7.9,1.0,0.5,3.22,0.0,,1.0,16.12,1.0,,2.5,yellow_taxi,0.0,
2147,2,2023-01-01 00:10:04,2023-01-01 00:15:53,N,1.0,43,236,1.0,1.03,7.9,1.0,0.5,3.23,0.0,,1.0,16.13,1.0,,2.5,yellow_taxi,0.0,
2193,2,2023-01-01 00:10:05,2023-01-01 00:12:53,N,1.0,263,141,1.0,0.64,5.1,1.0,0.5,2.02,0.0,,1.0,12.12,1.0,,2.5,yellow_taxi,0.0,
4867,2,2023-01-01 00:10:07,2023-01-01 00:29:23,N,1.0,48,249,2.0,2.76,19.1,1.0,0.5,4.82,0.0,,1.0,28.92,1.0,,2.5,yellow_taxi,0.0,
982,1,2023-01-01 00:10:08,2023-01-01 00:53:10,N,1.0,68,237,1.0,2.8,33.8,3.5,0.5,0.0,0.0,,1.0,38.8,2.0,,2.5,yellow_taxi,0.0,
2131,2,2023-01-01 00:10:09,2023-01-01 00:29:28,N,1.0,68,137,1.0,2.27,18.4,1.0,0.5,4.68,0.0,,1.0,28.08,1.0,,2.5,yellow_taxi,0.0,
3333,2,2023-01-01 00:10:09,2023-01-01 00:22:44,N,1.0,234,141,2.0,2.77,14.9,1.0,0.5,2.98,0.0,,1.0,22.88,1.0,,2.5,yellow_taxi,0.0,
2561,2,2023-01-01 00:10:09,2023-01-01 00:32:10,N,1.0,164,50,1.0,2.42,20.5,1.0,0.5,3.0,0.0,,1.0,28.5,1.0,,2.5,yellow_taxi,0.0,
2060,2,2023-01-01 00:10:10,2023-01-01 00:13:56,N,1.0,170,234,1.0,0.7,6.5,1.0,0.5,2.3,0.0,,1.0,13.8,1.0,,2.5,yellow_taxi,0.0,
3805,2,2023-01-01 00:10:11,2023-01-01 00:23:27,N,1.0,148,170,1.0,2.11,14.2,1.0,0.5,3.84,0.0,,1.0,23.04,1.0,,2.5,yellow_taxi,0.0,
1540,2,2023-01-01 00:10:12,2023-01-01 00:15:59,N,1.0,229,163,2.0,0.76,7.2,1.0,0.5,1.0,0.0,,1.0,13.2,1.0,,2.5,yellow_taxi,0.0,
2995248,2,2023-01-01 00:10:12,2023-01-01 00:37:05,,,249,106,,5.35,26.75,0.0,0.5,6.15,0.0,,1.0,36.9,0.0,,,yellow_taxi,,
2453,2,2023-01-01 00:10:12,2023-01-01 00:16:23,N,1.0,90,114,2.0,1.0,7.9,1.0,0.5,0.0,0.0,,1.0,12.9,2.0,,2.5,yellow_taxi,0.0,
4104,2,2023-01-01 00:10:13,2023-01-01 00:18:16,N,1.0,68,113,1.0,1.73,10.7,1.0,0.5,0.0,0.0,,1.0,15.7,2.0,,2.5,yellow_taxi,0.0,
4581,2,2023-01-01 00:10:15,2023-01-01 00:45:09,N,1.0,148,143,1.0,5.32,33.1,1.0,0.5,7.62,0.0,,1.0,45.72,1.0,,2.5,yellow_taxi,0.0,
3337,1,2023-01-01 00:10:15,2023-01-01 00:18:35,N,1.0,141,75,0.0,2.1,11.4,3.5,0.5,0.0,0.0,,1.0,16.4,2.0,,2.5,yellow_taxi,0.0,
3518,2,2023-01-01 00:10:15,2023-01-01 00:13:29,N,1.0,107,170,2.0,0.69,5.8,1.0,0.5,0.0,0.0,,1.0,10.8,2.0,,2.5,yellow_taxi,0.0,
266,2,2023-01-01 00:10:17,2023-01-01 00:21:50,N,1.0,249,48,3.0,1.6,12.1,1.0,0.5,3.42,0.0,,1.0,20.52,1.0,,2.5,yellow_taxi,0.0,
993,2,2023-01-01 00:10:17,2023-01-01 00:16:18,N,1.0,141,233,1.0,1.94,10.0,1.0,0.5,3.0,0.0,,1.0,18.0,1.0,,2.5,yellow_taxi,0.0,
3768,2,2023-01-01 00:10:19,2023-01-01 00:15:29,N,1.0,237,142,1.0,1.29,8.6,1.0,0.5,0.0,0.0,,1.0,13.6,2.0,,2.5,yellow_taxi,0.0,
1383,1,2023-01-01 00:10:19,2023-01-01 00:18:52,N,1.0,48,50,2.0,0.8,7.9,3.5,0.5,0.0,0.0,,1.0,12.9,2.0,,2.5,yellow_taxi,0.0,
3734,2,2023-01-01 00:10:19,2023-01-01 00:16:51,N,1.0,43,263,1.0,1.46,9.3,1.0,0.5,0.0,0.0,,1.0,14.3,2.0,,2.5,yellow_taxi,0.0,
73,2,2023-01-01 00:10:20,2023-01-01 00:23:09,N,1.0,238,42,1.0,2.79,14.9,1.0,0.5,3.98,0.0,,1.0,23.88,1.0,,2.5,yellow_taxi,0.0,
154,2,2023-01-01 00:10:20,2023-01-01 00:12:09,N,1.0,107,107,1.0,0.48,4.4,1.0,0.5,1.88,0.0,,1.0,11.28,1.0,,2.5,yellow_taxi,0.0,
2995117,2,2023-01-01 00:10:20,2023-01-01 00:26:47,,,68,148,,2.2,20.43,0.0,0.5,4.89,0.0,,1.0,29.32,0.0,,,yellow_taxi,,
1973,2,2023-01-01 00:10:20,2023-01-01 00:19:15,N,1.0,137,140,1.0,2.78,13.5,1.0,0.5,3.7,0.0,,1.0,22.2,1.0,,2.5,yellow_taxi,0.0,
1751,2,2023-01-01 00:10:21,2023-01-01 00:26:19,N,1.0,162,249,2.0,3.15,17.0,1.0,0.5,3.0,0.0,,1.0,25.0,1.0,,2.5,yellow_taxi,0.0,
4715,2,2023-01-01 00:10:21,2023-01-01 00:37:23,N,1.0,162,237,1.0,1.88,23.3,1.0,0.5,5.66,0.0,,1.0,33.96,1.0,,2.5,yellow_taxi,0.0,
3502,2,2023-01-01 00:10:22,2023-01-01 00:36:47,N,1.0,68,170,2.0,1.28,21.9,1.0,0.5,5.38,0.0,,1.0,32.28,1.0,,2.5,yellow_taxi,0.0,
4170,2,2023-01-01 00:10:23,2023-01-01 00:24:39,N,1.0,249,233,1.0,2.25,14.2,1.0,0.5,3.84,0.0,,1.0,23.04,1.0,,2.5,yellow_taxi,0.0,
1841,2,2023-01-01 00:10:23,2023-01-01 00:21:31,N,1.0,90,162,1.0,1.58,12.1,1.0,0.5,3.42,0.0,,1.0,20.52,1.0,,2.5,yellow_taxi,0.0,
3054,2,2023-01-01 00:10:24,2023-01-01 00:16:12,N,1.0,239,142,1.0,1.36,8.6,1.0,0.5,3.4,0.0,,1.0,17.0,1.0,,2.5,yellow_taxi,0.0,
1555,2,2023-01-01 00:10:27,2023-01-01 00:27:07,N,1.0,132,216,1.0,5.17,24.0,1.0,0.5,0.0,0.0,,1.0,27.75,1.0,,0.0,yellow_taxi,1.25,
2207,2,2023-01-01 00:10:28,2023-01-01 00:22:47,N,2.0,97,13,2.0,3.94,70.0,0.0,0.5,14.8,0.0,,1.0,88.8,1.0,,2.5,yellow_taxi,0.0,
884,2,2023-01-01 00:10:28,2023-01-01 00:23:56,N,1.0,141,24,1.0,3.21,17.0,1.0,0.5,1.5,0.0,,1.0,23.5,1.0,,2.5,yellow_taxi,0.0,
4,2,2023-01-01 00:10:29,2023-01-01 00:21:19,N,1.0,107,79,1.0,1.43,11.4,1.0,0.5,3.28,0.0,,1.0,19.68,1.0,,2.5,yellow_taxi,0.0,
2542,2,2023-01-01 00:10:30,2023-01-01 00:44:10,N,1.0,90,42,1.0,7.37,40.8,1.0,0.5,0.0,0.0,,1.0,45.8,2.0,,2.5,yellow_taxi,0.0,
1164,2,2023-01-01 00:10:30,2023-01-01 00:11:49,N,1.0,239,238,1.0,0.49,4.4,1.0,0.5,1.88,0.0,,1.0,11.28,1.0,,2.5,yellow_taxi,0.0,
345,1,2023-01-01 00:10:31,2023-01-01 00:21:58,N,1.0,138,74,2.0,6.5,26.8,7.25,0.5,6.32,6.55,,1.0,48.42,1.0,,0.0,yellow_taxi,1.25,
1200,2,2023-01-01 00:10:32,2023-01-01 00:31:19,N,1.0,114,141,1.0,4.01,21.9,1.0,0.5,5.38,0.0,,1.0,32.28,1.0,,2.5,yellow_taxi,0.0,
4701,2,2023-01-01 00:10:32,2023-01-01 00:15:27,N,1.0,264,264,1.0,1.21,7.9,1.0,0.5,0.0,0.0,,1.0,10.4,2.0,,0.0,yellow_taxi,0.0,
3802,2,2023-01-01 00:10:32,2023-01-01 00:22:23,N,1.0,211,137,1.0,2.58,14.2,1.0,0.5,2.0,0.0,,1.0,21.2,1.0,,2.5,yellow_taxi,0.0,
3474,2,2023-01-01 00:10:32,2023-01-01 00:14:26,N,1.0,79,79,1.0,0.48,5.8,1.0,0.5,0.0,0.0,,1.0,10.8,1.0,,2.5,yellow_taxi,0.0,
3572,1,2023-01-01 00:10:33,2023-01-01 00:23:52,N,1.0,90,162,2.0,2.2,14.2,3.5,0.5,0.0,0.0,,1.0,19.2,1.0,,2.5,yellow_taxi,0.0,
2221,2,2023-01-01 00:10:33,2023-01-01 00:19:18,N,1.0,231,87,1.0,2.51,12.8,1.0,0.5,2.0,0.0,,1.0,19.8,1.0,,2.5,yellow_taxi,0.0,
4688,1,2023-01-01 00:10:33,2023-01-01 00:14:50,N,1.0,45,87,1.0,0.9,5.8,3.5,0.5,0.0,0.0,,1.0,10.8,2.0,,2.5,yellow_taxi,0.0,
3979,2,2023-01-01 00:10:33,2023-01-01 00:35:48,N,1.0,158,24,3.0,6.01,31.0,1.0,0.5,0.0,0.0,,1.0,36.0,2.0,,2.5,yellow_taxi,0.0,
4313,2,2023-01-01 00:10:34,2023-01-01 00:20:33,N,1.0,211,45,1.0,1.54,11.4,1.0,0.5,2.0,0.0,,1.0,18.4,1.0,,2.5,yellow_taxi,0.0,
2247,2,2023-01-01 00:10:34,2023-01-01 00:24:10,N,1.0,170,148,4.0,2.79,15.6,1.0,0.5,4.12,0.0,,1.0,24.72,1.0,,2.5,yellow_taxi,0.0,
1604,1,2023-01-01 00:10:34,2023-01-01 00:30:14,N,1.0,231,170,2.0,3.5,19.1,3.5,0.5,4.8,0.0,,1.0,28.9,1.0,,2.5,yellow_taxi,0.0,
2976,2,2023-01-01 00:10:35,2023-01-01 00:48:50,N,1.0,231,238,2.0,6.52,39.4,1.0,0.5,8.88,0.0,,1.0,53.28,1.0,,2.5,yellow_taxi,0.0,
3884,2,2023-01-01 00:10:36,2023-01-01 00:18:59,N,1.0,249,144,1.0,1.56,10.0,1.0,0.5,0.0,0.0,,1.0,15.0,2.0,,2.5,yellow_taxi,0.0,
339,2,2023-01-01 00:10:37,2023-01-01 00:40:12,N,1.0,141,89,1.0,12.79,52.0,1.0,0.5,0.0,0.0,,1.0,57.0,2.0,,2.5,yellow_taxi,0.0,
2094,1,2023-01-01 00:10:38,2023-01-01 00:14:10,N,1.0,142,142,2.0,0.5,5.8,3.5,0.5,1.0,0.0,,1.0,11.8,1.0,,2.5,yellow_taxi,0.0,
1923,1,2023-01-01 00:10:40,2023-01-01 00:15:39,N,1.0,236,140,4.0,1.1,7.2,3.5,0.5,2.9,0.0,,1.0,15.1,1.0,,2.5,yellow_taxi,0.0,
3650,2,2023-01-01 00:10:41,2023-01-01 00:19:10,N,1.0,249,79,1.0,1.25,9.3,1.0,0.5,0.0,0.0,,1.0,14.3,1.0,,2.5,yellow_taxi,0.0,
2801,1,2023-01-01 00:10:42,2023-01-01 00:17:11,N,1.0,229,107,2.0,1.7,9.3,3.5,0.5,2.85,0.0,,1.0,17.15,1.0,,2.5,yellow_taxi,0.0,
4893,2,2023-01-01 00:10:42,2023-01-01 00:17:51,N,1.0,166,41,1.0,1.03,8.6,1.0,0.5,0.15,0.0,,1.0,11.25,1.0,,0.0,yellow_taxi,0.0,
1309,2,2023-01-01 00:10:43,2023-01-01 00:26:50,N,1.0,48,152,1.0,4.26,21.2,1.0,0.5,0.0,0.0,,1.0,26.2,2.0,,2.5,yellow_taxi,0.0,
4389,2,2023-01-01 00:10:43,2023-01-01 00:22:12,N,1.0,249,148,1.0,1.54,12.1,1.0,0.5,4.28,0.0,,1.0,21.38,1.0,,2.5,yellow_taxi,0.0,
4833,1,2023-01-01 00:10:44,2023-01-01 00:48:40,N,1.0,231,238,1.0,6.3,33.8,3.5,0.5,0.0,0.0,,1.0,38.8,2.0,,2.5,yellow_taxi,0.0,
16,1,2023-01-01 00:10:45,2023-01-01 00:19:37,N,5.0,83,129,1.0,1.3,15.0,0.0,0.0,0.0,0.0,,0.0,15.0,1.0,2.0,0.0,green_taxi,,
529,2,2023-01-01 00:10:45,2023-01-01 00:26:21,N,1.0,162,164,1.0,1.32,14.9,1.0,0.5,4.97,0.0,,1.0,24.87,1.0,,2.5,yellow_taxi,0.0,
4591,2,2023-01-01 00:10:46,2023-01-01 00:36:53,N,1.0,170,138,1.0,10.06,45.0,6.0,0.5,12.31,6.55,,1.0,73.86,1.0,,2.5,yellow_taxi,0.0,
4274,2,2023-01-01 00:10:47,2023-01-01 00:40:36,N,1.0,237,211,2.0,5.0,28.2,1.0,0.5,9.96,0.0,,1.0,43.16,1.0,,2.5,yellow_taxi,0.0,
4290,2,2023-01-01 00:10:47,2023-01-01 00:28:02,N,1.0,170,238,1.0,4.4,21.2,1.0,0.5,5.24,0.0,,1.0,31.44,1.0,,2.5,yellow_taxi,0.0,
3250,2,2023-01-01 00:10:48,2023-01-01 00:14:14,N,1.0,170,170,1.0,0.38,5.1,1.0,0.5,2.02,0.0,,1.0,12.12,1.0,,2.5,yellow_taxi,0.0,
3343,1,2023-01-01 00:10:48,2023-01-01 00:28:29,N,1.0,161,170,3.0,0.7,15.6,3.5,0.5,2.0,0.0,,1.0,22.6,1.0,,2.5,yellow_taxi,0.0,
98,2,2023-01-01 00:10:50,2023-01-01 00:20:19,N,1.0,264,186,1.0,1.41,10.7,1.0,0.5,3.92,0.0,,1.0,19.62,1.0,,2.5,yellow_taxi,0.0,
4166,2,2023-01-01 00:10:50,2023-01-01 00:24:12,N,1.0,90,137,4.0,1.32,12.8,1.0,0.5,3.56,0.0,,1.0,21.36,1.0,,2.5,yellow_taxi,0.0,
4565,1,2023-01-01 00:10:50,2023-01-01 00:25:08,N,1.0,148,229,2.0,3.2,17.0,3.5,0.5,0.0,0.0,,1.0,22.0,2.0,,2.5,yellow_taxi,0.0,
725,1,2023-01-01 00:10:51,2023-01-01 00:43:28,N,1.0,113,239,2.0,5.5,29.6,3.5,0.5,8.65,0.0,,1.0,43.25,1.0,,2.5,yellow_taxi,0.0,
4530,2,2023-01-01 00:10:51,2023-01-01 00:17:08,N,1.0,238,236,1.0,1.5,9.3,1.0,0.5,0.0,0.0,,1.0,14.3,1.0,,2.5,yellow_taxi,0.0,
88,2,2023-01-01 00:10:52,2023-01-01 00:18:23,N,1.0,238,238,2.0,1.29,9.3,1.0,0.5,0.0,0.0,,1.0,14.3,2.0,,2.5,yellow_taxi,0.0,
2995300,1,2023-01-01 00:10:52,2023-01-01 00:28:37,,,246,239,,0.0,17.0,1.0,0.5,3.3,0.0,,1.0,27.3,0.0,,,yellow_taxi,,
2486,1,2023-01-01 00:10:53,2023-01-01 00:23:44,N,1.0,162,113,1.0,1.8,12.1,3.5,0.5,3.4,0.0,,1.0,20.5,1.0,,2.5,yellow_taxi,0.0,
2178,2,2023-01-01 00:10:53,2023-01-01 00:31:26,N,1.0,48,263,1.0,3.86,22.6,1.0,0.5,5.52,0.0,,1.0,33.12,1.0,,2.5,yellow_taxi,0.0,
746,2,2023-01-01 00:10:54,2023-01-01 00:13:38,N,1.0,229,140,3.0,0.54,5.1,1.0,0.5,3.03,0.0,,1.0,13.13,1.0,,2.5,yellow_taxi,0.0,
1817,2,2023-01-01 00:10:54,2023-01-01 00:21:06,N,1.0,144,158,1.0,1.99,12.1,1.0,0.5,3.42,0.0,,1.0,20.52,1.0,,2.5,yellow_taxi,0.0,
2237,2,2023-01-01 00:10:56,2023-01-01 00:22:40,N,1.0,142,140,1.0,1.83,12.8,1.0,0.5,3.56,0.0,,1.0,21.36,1.0,,2.5,yellow_taxi,0.0,
1848,2,2023-01-01 00:10:57,2023-01-01 00:18:31,N,1.0,164,233,2.0,0.84,-8.6,-1.0,-0.5,0.0,0.0,,-1.0,-13.6,2.0,,-2.5,yellow_taxi,0.0,
1849,2,2023-01-01 00:10:57,2023-01-01 00:18:31,N,1.0,164,233,2.0,0.84,8.6,1.0,0.5,0.0,0.0,,1.0,13.6,2.0,,2.5,yellow_taxi,0.0,
3434,2,2023-01-01 00:10:59,2023-01-01 00:24:24,N,1.0,234,79,1.0,1.44,13.5,1.0,0.5,3.7,0.0,,1.0,22.2,1.0,,2.5,yellow_taxi,0.0,
546,2,2023-01-01 00:11:01,2023-01-01 23:37:57,N,1.0,138,129,1.0,1.68,10.7,6.0,0.5,3.89,0.0,,1.0,23.34,1.0,,0.0,yellow_taxi,1.25,
1428,2,2023-01-01 00:11:02,2023-01-01 00:15:30,N,1.0,140,236,1.0,1.4,7.9,1.0,0.5,1.0,0.0,,1.0,13.9,1.0,,2.5,yellow_taxi,0.0,
2099,2,2023-01-01 00:11:02,2023-01-01 00:30:06,N,1.0,161,211,2.0,3.09,19.1,1.0,0.5,3.0,0.0,,1.0,27.1,1.0,,2.5,yellow_taxi,0.0,
893,2,2023-01-01 00:11:03,2023-01-01 00:11:52,N,1.0,41,41,1.0,0.08,3.0,1.0,0.5,0.0,0.0,,1.0,5.5,2.0,,0.0,yellow_taxi,0.0,
4411,2,2023-01-01 00:11:03,2023-01-01 00:22:13,N,1.0,162,79,2.0,3.02,15.6,1.0,0.5,4.12,0.0,,1.0,24.72,1.0,,2.5,yellow_taxi,0.0,
3590,2,2023-01-01 00:11:04,2023-01-01 00:27:07,N,1.0,79,246,1.0,1.83,15.6,1.0,0.5,10.0,0.0,,1.0,30.6,1.0,,2.5,yellow_taxi,0.0,
3379,2,2023-01-01 00:11:05,2023-01-01 00:14:01,N,1.0,141,141,5.0,0.73,5.8,1.0,0.5,2.16,0.0,,1.0,12.96,1.0,,2.5,yellow_taxi,0.0,
1570,2,2023-01-01 00:11:06,2023-01-01 00:18:24,N,1.0,137,79,1.0,1.38,9.3,1.0,0.5,2.86,0.0,,1.0,17.16,1.0,,2.5,yellow_taxi,0.0,
4149,2,2023-01-01 00:11:07,2023-01-01 00:30:14,N,1.0,148,263,1.0,4.9,24.0,1.0,0.5,5.8,0.0,,1.0,34.8,1.0,,2.5,yellow_taxi,0.0,
842,2,2023-01-01 00:11:08,2023-01-01 00:33:25,N,1.0,132,171,3.0,12.91,49.2,1.0,0.5,0.0,0.0,,1.0,52.95,2.0,,0.0,yellow_taxi,1.25,
666,2,2023-01-01 00:11:09,2023-01-01 00:16:48,N,1.0,142,143,2.0,0.87,7.2,1.0,0.5,2.44,0.0,,1.0,14.64,1.0,,2.5,yellow_taxi,0.0,
3360,2,2023-01-01 00:11:09,2023-01-01 00:16:00,N,1.0,249,90,2.0,1.39,7.9,1.0,0.5,2.58,0.0,,1.0,15.48,1.0,,2.5,yellow_taxi,0.0,
1731,2,2023-01-01 00:11:10,2023-01-01 00:17:05,N,1.0,90,68,4.0,0.79,7.2,1.0,0.5,2.44,0.0,,1.0,14.64,1.0,,2.5,yellow_taxi,0.0,
63,1,2023-01-01 00:11:12,2023-01-01 00:38:12,N,1.0,65,162,2.0,7.3,25.5,3.25,1.5,7.55,0.0,,1.0,37.8,1.0,1.0,2.75,green_taxi,,
4157,2,2023-01-01 00:11:13,2023-01-01 00:39:49,N,1.0,68,142,2.0,3.76,28.2,1.0,0.5,6.64,0.0,,1.0,39.84,1.0,,2.5,yellow_taxi,0.0,
4945,2,2023-01-01 00:11:13,2023-01-01 00:28:35,N,1.0,161,186,1.0,1.85,15.6,1.0,0.5,0.0,0.0,,1.0,20.6,2.0,,2.5,yellow_taxi,0.0,
2995053,1,2023-01-01 00:11:13,2023-01-01 00:19:58,,,24,239,,1.3,10.7,1.0,0.5,3.14,0.0,,1.0,18.84,0.0,,,yellow_taxi,,
1039,2,2023-01-01 00:11:14,2023-01-01 00:15:43,N,1.0,237,141,3.0,0.78,6.5,1.0,0.5,2.3,0.0,,1.0,13.8,1.0,,2.5,yellow_taxi,0.0,
3260,2,2023-01-01 00:11:16,2023-01-01 00:39:11,N,1.0,43,125,1.0,4.34,26.8,1.0,0.5,9.54,0.0,,1.0,41.34,1.0,,2.5,yellow_taxi,0.0,
2670,2,2023-01-01 00:11:17,2023-01-01 23:54:57,N,1.0,234,158,3.0,1.28,8.6,1.0,0.5,2.72,0.0,,1.0,16.32,1.0,,2.5,yellow_taxi,0.0,
479,1,2023-01-01 00:11:17,2023-01-01 00:16:10,N,1.0,229,140,6.0,1.0,7.2,3.5,0.5,3.65,0.0,,1.0,15.85,1.0,,2.5,yellow_taxi,0.0,
39,2,2023-01-01 00:11:19,2023-01-01 00:17:36,N,1.0,249,79,2.0,1.2,7.9,1.0,0.5,2.0,0.0,,1.0,14.9,1.0,,2.5,yellow_taxi,0.0,
2995359,2,2023-01-01 00:11:19,2023-01-01 00:12:41,,,45,209,,0.39,37.75,0.0,0.5,8.21,0.0,,0.3,49.26,0.0,,,yellow_taxi,,
2211,2,2023-01-01 00:11:19,2023-01-01 00:40:03,N,1.0,164,260,1.0,7.87,38.7,1.0,0.5,0.0,6.55,,1.0,50.25,2.0,,2.5,yellow_taxi,0.0,
4495,2,2023-01-01 00:11:19,2023-01-01 00:15:39,N,1.0,238,143,1.0,0.76,6.5,1.0,0.5,2.3,0.0,,1.0,13.8,1.0,,2.5,yellow_taxi,0.0,
1537,2,2023-01-01 00:11:21,2023-01-01 00:26:28,N,1.0,141,224,2.0,3.56,17.7,1.0,0.5,4.54,0.0,,1.0,27.24,1.0,,2.5,yellow_taxi,0.0,
2464,2,2023-01-01 00:11:21,2023-01-01 00:11:25,N,2.0,164,164,1.0,0.0,70.0,0.0,0.5,0.0,0.0,,1.0,71.5,2.0,,0.0,yellow_taxi,0.0,
3714,2,2023-01-01 00:11:23,2023-01-01 00:24:21,N,1.0,137,144,1.0,2.14,14.2,1.0,0.5,0.0,0.0,,1.0,19.2,4.0,,2.5,yellow_taxi,0.0,
3713,2,2023-01-01 00:11:23,2023-01-01 00:24:21,N,1.0,137,144,1.0,2.14,-14.2,-1.0,-0.5,0.0,0.0,,-1.0,-19.2,4.0,,-2.5,yellow_taxi,0.0,
4287,2,2023-01-01 00:11:24,2023-01-01 00:24:21,N,1.0,236,143,1.0,2.3,14.2,1.0,0.5,1.92,0.0,,1.0,21.12,1.0,,2.5,yellow_taxi,0.0,
1078,2,2023-01-01 00:11:25,2023-01-01 00:14:33,N,1.0,263,237,1.0,0.71,5.8,1.0,0.5,2.16,0.0,,1.0,12.96,1.0,,2.5,yellow_taxi,0.0,
4900,1,2023-01-01 00:11:26,2023-01-01 00:22:44,N,1.0,163,137,1.0,1.8,11.4,3.5,0.5,3.25,0.0,,1.0,19.65,1.0,,2.5,yellow_taxi,0.0,
3116,1,2023-01-01 00:11:26,2023-01-01 00:29:59,N,1.0,141,231,2.0,4.7,21.9,3.5,0.5,2.0,0.0,,1.0,28.9,1.0,,2.5,yellow_taxi,0.0,
1619,2,2023-01-01 00:11:27,2023-01-01 00:30:23,N,1.0,163,261,1.0,6.83,30.3,1.0,0.5,2.0,0.0,,1.0,37.3,1.0,,2.5,yellow_taxi,0.0,
3504,2,2023-01-01 00:11:27,2023-01-01 00:29:24,N,1.0,161,209,2.0,5.05,24.7,1.0,0.5,5.94,0.0,,1.0,35.64,1.0,,2.5,yellow_taxi,0.0,
1776,2,2023-01-01 00:11:27,2023-01-01 00:36:54,N,1.0,132,49,1.0,17.74,66.7,1.0,0.5,10.0,0.0,,1.0,80.45,1.0,,0.0,yellow_taxi,1.25,
3833,1,2023-01-01 00:11:28,2023-01-01 00:15:15,N,1.0,141,229,1.0,0.9,6.5,3.5,0.5,2.3,0.0,,1.0,13.8,1.0,,2.5,yellow_taxi,0.0,
4790,1,2023-01-01 00:11:29,2023-01-01 00:26:37,N,1.0,211,170,1.0,2.0,13.5,3.5,0.5,3.7,0.0,,1.0,22.2,1.0,,2.5,yellow_taxi,0.0,
105,2,2023-01-01 00:11:29,2023-01-01 00:28:52,N,1.0,237,234,1.0,3.15,17.7,1.0,0.5,4.54,0.0,,1.0,27.24,1.0,,2.5,yellow_taxi,0.0,
3071,2,2023-01-01 00:11:30,2023-01-01 00:14:41,N,1.0,107,170,1.0,0.6,5.1,1.0,0.5,2.02,0.0,,1.0,12.12,1.0,,2.5,yellow_taxi,0.0,
689,2,2023-01-01 00:11:32,2023-01-01 00:23:39,N,1.0,161,107,1.0,1.82,12.8,1.0,0.5,3.56,0.0,,1.0,21.36,1.0,,2.5,yellow_taxi,0.0,
1119,2,2023-01-01 00:11:33,2023-01-01 00:14:33,N,1.0,236,75,2.0,1.0,6.5,1.0,0.5,0.0,0.0,,1.0,11.5,2.0,,2.5,yellow_taxi,0.0,
4588,2,2023-01-01 00:11:33,2023-01-01 00:21:46,N,1.0,229,79,2.0,3.03,14.9,1.0,0.5,3.98,0.0,,1.0,23.88,1.0,,2.5,yellow_taxi,0.0,
1001,2,2023-01-01 00:11:34,2023-01-01 00:34:06,N,1.0,231,229,2.0,4.56,24.0,1.0,0.5,0.0,0.0,,1.0,29.0,2.0,,2.5,yellow_taxi,0.0,
4761,2,2023-01-01 00:11:34,2023-01-01 00:48:26,N,1.0,48,87,2.0,5.86,36.6,1.0,0.5,0.0,0.0,,1.0,41.6,2.0,,2.5,yellow_taxi,0.0,
127,1,2023-01-01 00:11:35,2023-01-01 00:34:22,N,1.0,107,166,1.0,6.0,26.8,3.5,0.5,0.0,0.0,,1.0,31.8,2.0,,2.5,yellow_taxi,0.0,
260,2,2023-01-01 00:11:35,2023-01-01 00:24:56,N,1.0,186,229,1.0,1.79,13.5,1.0,0.5,0.0,0.0,,1.0,18.5,2.0,,2.5,yellow_taxi,0.0,
2800,2,2023-01-01 00:11:36,2023-01-01 00:36:24,N,1.0,249,181,1.0,5.72,28.9,1.0,0.5,5.0,0.0,,1.0,38.9,1.0,,2.5,yellow_taxi,0.0,
1894,2,2023-01-01 00:11:36,2023-01-01 00:24:19,N,1.0,142,262,2.0,2.47,14.2,1.0,0.5,5.76,0.0,,1.0,24.96,1.0,,2.5,yellow_taxi,0.0,
1638,2,2023-01-01 00:11:37,2023-01-01 00:19:40,N,1.0,114,211,1.0,1.58,10.7,1.0,0.5,3.14,0.0,,1.0,18.84,1.0,,2.5,yellow_taxi,0.0,
4468,2,2023-01-01 00:11:37,2023-01-01 00:20:06,N,1.0,142,166,1.0,2.74,12.8,1.0,0.5,3.56,0.0,,1.0,21.36,1.0,,2.5,yellow_taxi,0.0,
2867,2,2023-01-01 00:11:38,2023-01-01 00:28:23,N,1.0,229,50,3.0,2.57,17.0,1.0,0.5,3.96,0.0,,1.0,25.96,1.0,,2.5,yellow_taxi,0.0,
647,2,2023-01-01 00:11:39,2023-01-01 00:20:19,N,1.0,151,142,1.0,1.47,10.7,1.0,0.5,0.0,0.0,,1.0,15.7,2.0,,2.5,yellow_taxi,0.0,
4439,2,2023-01-01 00:11:40,2023-01-01 00:14:39,N,1.0,263,141,2.0,1.03,6.5,1.0,0.5,2.0,0.0,,1.0,13.5,1.0,,2.5,yellow_taxi,0.0,
4088,2,2023-01-01 00:11:41,2023-01-01 00:16:03,N,1.0,164,234,2.0,0.8,6.5,1.0,0.5,0.0,0.0,,1.0,11.5,2.0,,2.5,yellow_taxi,0.0,
1765,1,2023-01-01 00:11:41,2023-01-01 00:20:03,N,1.0,43,143,3.0,1.1,8.6,3.5,0.5,0.0,0.0,,1.0,13.6,2.0,,2.5,yellow_taxi,0.0,
3005,2,2023-01-01 00:11:43,2023-01-01 00:34:55,N,1.0,186,236,4.0,3.44,23.3,1.0,0.5,5.66,0.0,,1.0,33.96,1.0,,2.5,yellow_taxi,0.0,
3233,1,2023-01-01 00:11:44,2023-01-01 00:33:39,N,1.0,132,171,2.0,12.7,48.5,2.25,0.5,0.0,0.0,,1.0,52.25,2.0,,0.0,yellow_taxi,1.25,
1487,2,2023-01-01 00:11:44,2023-01-01 00:16:45,N,1.0,164,107,2.0,0.76,7.2,1.0,0.5,1.0,0.0,,1.0,13.2,1.0,,2.5,yellow_taxi,0.0,
1434,2,2023-01-01 00:11:44,2023-01-01 00:20:38,N,1.0,161,141,2.0,1.83,11.4,1.0,0.5,1.64,0.0,,1.0,18.04,1.0,,2.5,yellow_taxi,0.0,
3894,2,2023-01-01 00:11:45,2023-01-01 00:35:04,N,1.0,107,151,2.0,5.08,26.1,1.0,0.5,3.11,0.0,,1.0,34.21,1.0,,2.5,yellow_taxi,0.0,
3639,2,2023-01-01 00:11:45,2023-01-01 00:30:12,N,1.0,162,211,1.0,3.19,19.1,1.0,0.5,0.0,0.0,,1.0,24.1,2.0,,2.5,yellow_taxi,0.0,
3597,2,2023-01-01 00:11:45,2023-01-01 00:26:41,N,1.0,68,137,1.0,2.33,15.6,1.0,0.5,4.12,0.0,,1.0,24.72,1.0,,2.5,yellow_taxi,0.0,
384,2,2023-01-01 00:11:46,2023-01-01 00:28:32,N,1.0,246,48,1.0,2.02,17.0,1.0,0.5,4.4,0.0,,1.0,26.4,1.0,,2.5,yellow_taxi,0.0,
944,2,2023-01-01 00:11:46,2023-01-01 00:15:20,N,1.0,264,264,1.0,0.62,5.8,1.0,0.5,3.0,0.0,,1.0,11.3,1.0,,0.0,yellow_taxi,0.0,
2465,2,2023-01-01 00:11:47,2023-01-01 01:06:14,N,1.0,164,177,1.0,18.44,77.9,1.0,0.5,16.58,0.0,,1.0,99.48,1.0,,2.5,yellow_taxi,0.0,
2604,1,2023-01-01 00:11:47,2023-01-01 00:40:15,N,1.0,107,7,1.0,6.3,28.2,3.5,0.5,6.65,0.0,,1.0,39.85,1.0,,2.5,yellow_taxi,0.0,
1354,2,2023-01-01 00:11:48,2023-01-01 00:15:37,N,1.0,263,141,1.0,1.02,6.5,1.0,0.5,0.0,0.0,,1.0,11.5,2.0,,2.5,yellow_taxi,0.0,
3477,2,2023-01-01 00:11:49,2023-01-01 00:35:31,N,1.0,132,15,1.0,15.54,59.0,1.0,0.5,10.0,0.0,,1.0,72.75,1.0,,0.0,yellow_taxi,1.25,
1628,1,2023-01-01 00:11:49,2023-01-01 00:40:04,N,2.0,132,107,1.0,17.2,70.0,3.75,0.5,15.0,6.55,,1.0,96.8,1.0,,2.5,yellow_taxi,1.25,
2372,2,2023-01-01 00:11:50,2023-01-01 00:38:36,N,1.0,79,7,4.0,5.92,31.0,1.0,0.5,7.2,0.0,,1.0,43.2,1.0,,2.5,yellow_taxi,0.0,
2299,2,2023-01-01 00:11:50,2023-01-01 00:30:43,N,1.0,237,129,1.0,5.81,27.5,1.0,0.5,6.5,0.0,,1.0,39.0,1.0,,2.5,yellow_taxi,0.0,
1634,2,2023-01-01 00:11:51,2023-01-01 00:19:17,N,1.0,263,263,1.0,0.02,7.2,1.0,0.5,3.05,0.0,,1.0,15.25,1.0,,2.5,yellow_taxi,0.0,
1465,2,2023-01-01 00:11:52,2023-01-01 00:15:40,N,1.0,239,143,2.0,0.54,5.8,1.0,0.5,2.16,0.0,,1.0,12.96,1.0,,2.5,yellow_taxi,0.0,
1042,2,2023-01-01 00:11:52,2023-01-01 00:15:42,N,1.0,141,263,1.0,0.87,6.5,1.0,0.5,2.3,0.0,,1.0,13.8,1.0,,2.5,yellow_taxi,0.0,
4884,1,2023-01-01 00:11:53,2023-01-01 00:22:22,N,1.0,107,141,1.0,2.3,12.1,3.5,0.5,3.4,0.0,,1.0,20.5,1.0,,2.5,yellow_taxi,0.0,
4196,2,2023-01-01 00:11:53,2023-01-01 00:26:09,N,1.0,43,246,1.0,2.52,15.6,1.0,0.5,0.0,0.0,,1.0,20.6,2.0,,2.5,yellow_taxi,0.0,
1068,2,2023-01-01 00:11:54,2023-01-01 00:33:52,N,1.0,137,235,2.0,9.76,40.8,1.0,0.5,0.0,0.0,,1.0,45.8,2.0,,2.5,yellow_taxi,0.0,
3134,2,2023-01-01 00:11:54,2023-01-01 00:41:56,N,1.0,158,263,2.0,5.64,31.7,1.0,0.5,3.0,0.0,,1.0,39.7,1.0,,2.5,yellow_taxi,0.0,
3291,1,2023-01-01 00:11:55,2023-01-01 00:11:55,Y,5.0,137,264,1.0,0.0,0.0,0.0,0.0,0.0,0.0,,0.0,0.0,2.0,,0.0,yellow_taxi,0.0,
1331,1,2023-01-01 00:11:56,2023-01-01 00:30:03,N,1.0,239,119,1.0,5.8,24.7,3.5,0.5,0.0,0.0,,1.0,29.7,2.0,,2.5,yellow_taxi,0.0,
706,2,2023-01-01 00:11:56,2023-01-01 00:44:16,N,1.0,88,50,2.0,5.43,33.8,1.0,0.5,6.0,0.0,,1.0,44.8,1.0,,2.5,yellow_taxi,0.0,
7,2,2023-01-01 00:11:58,2023-01-01 00:24:55,N,1.0,24,75,1.0,1.88,14.2,1.0,0.5,0.0,0.0,,1.0,16.7,2.0,1.0,0.0,green_taxi,,
2654,2,2023-01-01 00:11:58,2023-01-01 00:19:16,N,1.0,87,79,1.0,2.83,14.2,1.0,0.5,5.76,0.0,,1.0,24.96,1.0,,2.5,yellow_taxi,0.0,
3389,2,2023-01-01 00:11:58,2023-01-01 00:35:52,N,1.0,90,239,1.0,3.89,25.4,1.0,0.5,6.08,0.0,,1.0,36.48,1.0,,2.5,yellow_taxi,0.0,
2974,2,2023-01-01 00:11:58,2023-01-01 00:24:13,N,1.0,45,170,2.0,4.6,21.2,1.0,0.5,2.0,0.0,,1.0,28.2,1.0,,2.5,yellow_taxi,0.0,
652,2,2023-01-01 00:12:01,2023-01-01 00:53:49,N,1.0,90,94,1.0,11.55,55.5,1.0,0.5,12.1,0.0,,1.0,72.6,1.0,,2.5,yellow_taxi,0.0,
2444,2,2023-01-01 00:12:02,2023-01-01 00:18:19,N,1.0,114,90,2.0,1.33,8.6,1.0,0.5,2.72,0.0,,1.0,16.32,1.0,,2.5,yellow_taxi,0.0,
971,2,2023-01-01 00:12:02,2023-01-01 00:48:41,N,1.0,4,239,1.0,6.23,38.7,1.0,0.5,8.74,0.0,,1.0,52.44,1.0,,2.5,yellow_taxi,0.0,
4764,2,2023-01-01 00:12:03,2023-01-01 00:19:09,N,1.0,68,158,1.0,1.23,9.3,1.0,0.5,2.86,0.0,,1.0,17.16,1.0,,2.5,yellow_taxi,0.0,
4896,1,2023-01-01 00:12:04,2023-01-01 00:18:13,N,1.0,141,262,2.0,1.1,7.9,3.5,0.5,3.2,0.0,,1.0,16.1,1.0,,2.5,yellow_taxi,0.0,
311,2,2023-01-01 00:12:04,2023-01-01 00:12:27,N,1.0,194,194,3.0,0.27,3.7,1.0,0.5,0.0,13.1,,1.0,19.3,2.0,,0.0,yellow_taxi,0.0,
2507,2,2023-01-01 00:12:04,2023-01-01 00:36:39,N,1.0,68,145,1.0,4.65,26.1,1.0,0.5,7.53,6.55,,1.0,45.18,1.0,,2.5,yellow_taxi,0.0,
3308,1,2023-01-01 00:12:05,2023-01-01 00:22:58,N,1.0,107,113,2.0,1.4,11.4,3.5,0.5,0.0,0.0,,1.0,16.4,2.0,,2.5,yellow_taxi,0.0,
2191,2,2023-01-01 00:12:05,2023-01-01 00:46:32,N,1.0,246,239,3.0,3.31,31.7,1.0,0.5,3.0,0.0,,1.0,39.7,1.0,,2.5,yellow_taxi,0.0,
1928,2,2023-01-01 00:12:07,2023-01-01 00:44:26,N,1.0,132,71,1.0,10.7,47.8,1.0,0.5,0.0,0.0,,1.0,51.55,2.0,,0.0,yellow_taxi,1.25,
1591,1,2023-01-01 00:12:07,2023-01-01 00:43:00,N,1.0,158,142,1.0,3.0,22.6,3.5,0.5,5.5,0.0,,1.0,33.1,1.0,,2.5,yellow_taxi,0.0,
3345,2,2023-01-01 00:12:08,2023-01-01 00:25:25,N,1.0,68,79,1.0,1.78,13.5,1.0,0.5,1.0,0.0,,1.0,19.5,1.0,,2.5,yellow_taxi,0.0,
2338,1,2023-01-01 00:12:09,2023-01-01 00:36:30,N,1.0,239,90,1.0,4.4,25.4,3.5,0.5,6.05,0.0,,1.0,36.45,1.0,,2.5,yellow_taxi,0.0,
1553,2,2023-01-01 00:12:10,2023-01-01 00:23:27,N,1.0,162,238,1.0,3.26,15.6,1.0,0.5,4.12,0.0,,1.0,24.72,1.0,,2.5,yellow_taxi,0.0,
3416,2,2023-01-01 00:12:10,2023-01-01 00:29:42,N,1.0,158,45,1.0,2.97,17.7,1.0,0.5,4.54,0.0,,1.0,27.24,1.0,,2.5,yellow_taxi,0.0,
216,1,2023-01-01 00:12:10,2023-01-01 00:15:41,N,1.0,263,141,2.0,1.1,6.5,3.5,0.5,1.0,0.0,,1.0,12.5,1.0,,2.5,yellow_taxi,0.0,
3762,1,2023-01-01 00:12:11,2023-01-01 00:23:17,N,1.0,211,186,1.0,1.9,12.8,3.5,0.5,2.0,0.0,,1.0,19.8,1.0,,2.5,yellow_taxi,0.0,
337,2,2023-01-01 00:12:11,2023-01-01 00:28:21,N,1.0,48,48,3.0,0.59,14.2,1.0,0.5,3.84,0.0,,1.0,23.04,1.0,,2.5,yellow_taxi,0.0,
274,1,2023-01-01 00:12:14,2023-01-01 00:22:47,N,1.0,142,41,1.0,3.0,14.9,3.5,0.5,4.95,0.0,,1.0,24.85,1.0,,2.5,yellow_taxi,0.0,
3219,2,2023-01-01 00:12:14,2023-01-01 00:27:29,N,1.0,158,234,3.0,1.58,14.9,1.0,0.5,0.0,0.0,,1.0,19.9,1.0,,2.5,yellow_taxi,0.0,
2995069,2,2023-01-01 00:12:15,2023-01-01 00:27:37,,,170,238,,3.88,23.6,0.0,0.5,4.14,0.0,,1.0,31.74,0.0,,,yellow_taxi,,
2024,1,2023-01-01 00:12:16,2023-01-01 00:20:37,N,1.0,142,229,1.0,1.8,10.7,3.5,0.5,5.0,0.0,,1.0,20.7,1.0,,2.5,yellow_taxi,0.0,
1150,2,2023-01-01 00:12:16,2023-01-01 00:50:48,N,1.0,164,43,1.0,3.18,31.0,1.0,0.5,7.2,0.0,,1.0,43.2,1.0,,2.5,yellow_taxi,0.0,
1212,2,2023-01-01 00:12:16,2023-01-01 00:28:01,N,1.0,234,263,2.0,3.95,19.1,1.0,0.5,0.0,0.0,,1.0,24.1,2.0,,2.5,yellow_taxi,0.0,
4014,2,2023-01-01 00:12:16,2023-01-01 00:32:04,N,1.0,249,255,1.0,4.41,23.3,1.0,0.5,0.0,0.0,,1.0,28.3,2.0,,2.5,yellow_taxi,0.0,
329,1,2023-01-01 00:12:16,2023-01-01 00:26:14,N,99.0,74,248,1.0,4.4,24.5,0.0,0.5,0.0,6.55,,1.0,32.55,1.0,,0.0,yellow_taxi,0.0,
2995295,2,2023-01-01 00:12:19,2023-01-01 00:31:14,,,238,170,,5.51,27.71,0.0,0.5,6.34,0.0,,1.0,38.05,0.0,,,yellow_taxi,,
143,2,2023-01-01 00:12:21,2023-01-01 00:24:05,N,1.0,79,234,1.0,1.98,12.8,1.0,0.5,0.0,0.0,,1.0,17.8,2.0,,2.5,yellow_taxi,0.0,
3621,2,2023-01-01 00:12:21,2023-01-01 00:21:17,N,1.0,211,186,2.0,2.03,12.1,1.0,0.5,3.42,0.0,,1.0,20.52,1.0,,2.5,yellow_taxi,0.0,
750,1,2023-01-01 00:12:23,2023-01-01 00:25:42,N,1.0,239,229,2.0,3.4,16.3,3.5,0.5,4.25,0.0,,1.0,25.55,1.0,,2.5,yellow_taxi,0.0,
1927,2,2023-01-01 00:12:23,2023-01-01 00:26:54,N,1.0,141,143,1.0,2.12,15.6,1.0,0.5,4.12,0.0,,1.0,24.72,1.0,,2.5,yellow_taxi,0.0,
2748,2,2023-01-01 00:12:24,2023-01-01 00:50:05,N,2.0,132,239,4.0,21.52,70.0,0.0,0.5,16.36,6.55,,1.0,98.16,1.0,,2.5,yellow_taxi,1.25,
2687,1,2023-01-01 00:12:24,2023-01-01 00:37:43,N,1.0,246,142,1.0,2.4,18.4,3.5,0.5,4.65,0.0,,1.0,28.05,1.0,,2.5,yellow_taxi,0.0,
2119,1,2023-01-01 00:12:24,2023-01-01 00:24:58,N,1.0,125,87,1.0,2.6,14.2,3.5,0.5,3.8,0.0,,1.0,23.0,1.0,,2.5,yellow_taxi,0.0,
3592,1,2023-01-01 00:12:25,2023-01-01 00:29:24,N,1.0,249,162,2.0,3.2,19.1,3.5,0.5,7.2,0.0,,1.0,31.3,1.0,,2.5,yellow_taxi,0.0,
2217,2,2023-01-01 00:12:25,2023-01-01 00:26:14,N,1.0,237,234,1.0,2.19,14.9,1.0,0.5,4.97,0.0,,1.0,24.87,1.0,,2.5,yellow_taxi,0.0,
543,2,2023-01-01 00:12:26,2023-01-01 00:27:05,N,1.0,140,143,1.0,2.21,15.6,1.0,0.5,3.0,0.0,,1.0,23.6,1.0,,2.5,yellow_taxi,0.0,
4379,1,2023-01-01 00:12:26,2023-01-01 00:22:18,N,1.0,238,74,0.0,2.0,12.8,1.0,0.5,4.55,0.0,,1.0,19.85,1.0,,0.0,yellow_taxi,0.0,
921,2,2023-01-01 00:12:27,2023-01-01 00:27:34,N,1.0,162,114,2.0,2.58,15.6,1.0,0.5,0.0,0.0,,1.0,20.6,1.0,,2.5,yellow_taxi,0.0,
4024,1,2023-01-01 00:12:27,2023-01-01 00:18:16,N,1.0,234,137,0.0,0.6,6.5,3.5,0.5,2.3,0.0,,1.0,13.8,1.0,,2.5,yellow_taxi,0.0,
1138,2,2023-01-01 00:12:27,2023-01-01 00:42:41,N,1.0,132,189,1.0,20.28,76.5,1.0,0.5,0.0,0.0,,1.0,80.25,2.0,,0.0,yellow_taxi,1.25,
888,2,2023-01-01 00:12:27,2023-01-01 00:35:02,N,1.0,238,246,1.0,3.69,23.3,1.0,0.5,0.0,0.0,,1.0,28.3,2.0,,2.5,yellow_taxi,0.0,
4611,1,2023-01-01 00:12:27,2023-01-01 00:22:00,N,1.0,114,148,1.0,1.2,10.7,3.5,0.5,3.14,0.0,,1.0,18.84,1.0,,2.5,yellow_taxi,0.0,
3773,2,2023-01-01 00:12:28,2023-01-01 00:24:13,N,1.0,148,107,1.0,1.65,12.8,1.0,0.5,3.56,0.0,,1.0,21.36,1.0,,2.5,yellow_taxi,0.0,
4482,2,2023-01-01 00:12:28,2023-01-01 00:55:28,N,1.0,132,89,1.0,16.45,69.5,1.0,0.5,10.0,0.0,,1.0,83.25,1.0,,0.0,yellow_taxi,1.25,
866,2,2023-01-01 00:12:31,2023-01-01 00:23:58,N,1.0,164,233,1.0,1.63,12.1,1.0,0.5,2.0,0.0,,1.0,19.1,1.0,,2.5,yellow_taxi,0.0,
2411,1,2023-01-01 00:12:32,2023-01-01 00:19:03,N,1.0,262,141,1.0,1.3,8.6,3.5,0.5,1.5,0.0,,1.0,15.1,1.0,,2.5,yellow_taxi,0.0,
4179,2,2023-01-01 00:12:32,2023-01-01 00:43:51,N,2.0,132,231,1.0,20.35,70.0,0.0,0.5,8.0,0.0,,1.0,83.25,1.0,,2.5,yellow_taxi,1.25,
4309,1,2023-01-01 00:12:33,2023-01-01 00:39:07,N,1.0,107,48,1.0,2.4,23.3,3.5,0.5,4.0,0.0,,1.0,32.3,1.0,,2.5,yellow_taxi,0.0,
1773,2,2023-01-01 00:12:33,2023-01-01 00:47:51,N,1.0,162,90,3.0,1.78,28.9,1.0,0.5,10.17,0.0,,1.0,44.07,1.0,,2.5,yellow_taxi,0.0,
2159,2,2023-01-01 00:12:33,2023-01-01 00:14:54,N,1.0,229,229,2.0,0.42,4.4,1.0,0.5,0.0,0.0,,1.0,9.4,2.0,,2.5,yellow_taxi,0.0,
1675,2,2023-01-01 00:12:34,2023-01-01 00:19:47,N,1.0,237,143,1.0,1.43,9.3,1.0,0.5,3.58,0.0,,1.0,17.88,1.0,,2.5,yellow_taxi,0.0,
1912,2,2023-01-01 00:12:34,2023-01-01 00:18:24,N,1.0,249,68,6.0,0.8,7.9,1.0,0.5,1.0,0.0,,1.0,13.9,1.0,,2.5,yellow_taxi,0.0,
4283,2,2023-01-01 00:12:34,2023-01-01 00:19:39,N,1.0,249,79,1.0,1.25,8.6,1.0,0.5,0.0,0.0,,1.0,13.6,4.0,,2.5,yellow_taxi,0.0,
4282,2,2023-01-01 00:12:34,2023-01-01 00:19:39,N,1.0,249,79,1.0,1.25,-8.6,-1.0,-0.5,0.0,0.0,,-1.0,-13.6,4.0,,-2.5,yellow_taxi,0.0,
212,2,2023-01-01 00:12:36,2023-01-01 00:16:32,N,1.0,162,263,1.0,1.71,8.6,1.0,0.5,4.08,0.0,,1.0,17.68,1.0,,2.5,yellow_taxi,0.0,
1086,2,2023-01-01 00:12:36,2023-01-01 00:37:39,N,1.0,79,238,5.0,5.64,28.2,1.0,0.5,8.3,0.0,,1.0,41.5,1.0,,2.5,yellow_taxi,0.0,
477,1,2023-01-01 00:12:37,2023-01-01 00:48:50,N,1.0,90,50,1.0,2.4,22.0,3.0,0.5,4.0,0.0,,1.0,30.5,1.0,,2.5,yellow_taxi,0.0,
2255,2,2023-01-01 00:12:37,2023-01-01 00:24:57,N,1.0,151,75,2.0,2.5,14.9,1.0,0.5,0.0,0.0,,1.0,17.4,2.0,,0.0,yellow_taxi,0.0,
2628,2,2023-01-01 00:12:42,2023-01-01 00:39:45,N,1.0,246,116,1.0,7.12,35.9,1.0,0.5,10.22,0.0,,1.0,51.12,1.0,,2.5,yellow_taxi,0.0,
2734,2,2023-01-01 00:12:45,2023-01-01 00:22:28,N,1.0,114,107,1.0,1.7,11.4,1.0,0.5,3.28,0.0,,1.0,19.68,1.0,,2.5,yellow_taxi,0.0,
453,2,2023-01-01 00:12:48,2023-01-01 00:19:33,N,1.0,237,233,1.0,1.67,10.0,1.0,0.5,3.0,0.0,,1.0,18.0,1.0,,2.5,yellow_taxi,0.0,
2307,1,2023-01-01 00:12:49,2023-01-01 00:24:52,N,1.0,231,224,1.0,3.8,17.7,3.5,0.5,4.5,0.0,,1.0,27.2,1.0,,2.5,yellow_taxi,0.0,
3031,2,2023-01-01 00:12:49,2023-01-01 00:24:19,N,1.0,246,114,3.0,1.73,12.1,1.0,0.5,3.42,0.0,,1.0,20.52,1.0,,2.5,yellow_taxi,0.0,
2820,1,2023-01-01 00:12:49,2023-01-01 00:15:01,N,1.0,237,236,2.0,1.0,5.8,3.5,0.5,2.15,0.0,,1.0,12.95,1.0,,2.5,yellow_taxi,0.0,
1496,1,2023-01-01 00:12:50,2023-01-01 00:17:10,N,1.0,262,236,2.0,1.0,7.2,3.5,0.5,0.0,0.0,,1.0,12.2,2.0,,2.5,yellow_taxi,0.0,
833,2,2023-01-01 00:12:53,2023-01-01 00:21:52,N,1.0,79,234,2.0,1.57,10.7,1.0,0.5,3.14,0.0,,1.0,18.84,1.0,,2.5,yellow_taxi,0.0,
2431,2,2023-01-01 00:12:53,2023-01-01 00:22:59,N,1.0,90,246,3.0,1.49,11.4,1.0,0.5,0.0,0.0,,1.0,16.4,2.0,,2.5,yellow_taxi,0.0,
3796,2,2023-01-01 00:12:53,2023-01-01 00:28:13,N,1.0,142,152,1.0,3.5,19.1,1.0,0.5,0.0,0.0,,1.0,24.1,2.0,,2.5,yellow_taxi,0.0,
3784,1,2023-01-01 00:12:56,2023-01-01 00:45:55,N,1.0,113,143,2.0,2.9,28.2,3.5,0.5,6.64,0.0,,1.0,39.84,1.0,,2.5,yellow_taxi,0.0,
918,1,2023-01-01 00:12:56,2023-01-01 00:30:53,N,1.0,236,48,1.0,2.8,18.4,3.5,0.5,7.0,0.0,,1.0,30.4,1.0,,2.5,yellow_taxi,0.0,
800,1,2023-01-01 00:12:57,2023-01-01 00:27:15,N,1.0,246,224,1.0,2.2,13.5,3.5,0.5,0.03,0.0,,1.0,18.53,1.0,,2.5,yellow_taxi,0.0,
2592,2,2023-01-01 00:12:57,2023-01-01 00:23:49,N,1.0,263,238,2.0,2.09,12.8,1.0,0.5,0.0,0.0,,1.0,17.8,2.0,,2.5,yellow_taxi,0.0,
2730,1,2023-01-01 00:12:58,2023-01-01 00:44:30,N,1.0,113,50,1.0,4.1,29.6,3.5,0.5,6.9,0.0,,1.0,41.5,1.0,,2.5,yellow_taxi,0.0,
2258,1,2023-01-01 00:12:59,2023-01-01 00:21:25,N,1.0,237,237,1.0,1.0,8.6,3.5,0.5,4.1,0.0,,1.0,17.7,1.0,,2.5,yellow_taxi,0.0,
3736,2,2023-01-01 00:13:00,2023-01-01 00:16:13,N,1.0,107,224,1.0,0.61,5.1,1.0,0.5,0.0,0.0,,1.0,10.1,2.0,,2.5,yellow_taxi,0.0,
2995239,2,2023-01-01 00:13:00,2023-01-01 00:26:00,,,170,141,,2.3,15.14,0.0,0.5,3.83,0.0,,1.0,22.97,0.0,,,yellow_taxi,,
847,2,2023-01-01 00:13:01,2023-01-01 00:26:31,N,1.0,161,263,1.0,2.75,16.3,1.0,0.5,5.33,0.0,,1.0,26.63,1.0,,2.5,yellow_taxi,0.0,
2344,2,2023-01-01 00:13:02,2023-01-01 00:38:02,N,1.0,142,148,1.0,4.37,25.4,1.0,0.5,9.12,0.0,,1.0,39.52,1.0,,2.5,yellow_taxi,0.0,
4321,2,2023-01-01 00:13:02,2023-01-01 00:26:20,N,1.0,158,107,1.0,1.46,13.5,1.0,0.5,1.0,0.0,,1.0,19.5,1.0,,2.5,yellow_taxi,0.0,
15,2,2023-01-01 00:13:04,2023-01-01 00:22:10,N,1.0,79,186,1.0,1.52,10.0,1.0,0.5,1.25,0.0,,1.0,16.25,1.0,,2.5,yellow_taxi,0.0,
2437,1,2023-01-01 00:13:05,2023-01-01 00:23:33,N,1.0,161,140,2.0,2.0,11.4,3.5,0.5,4.05,0.0,,1.0,20.45,1.0,,2.5,yellow_taxi,0.0,
3586,2,2023-01-01 00:13:06,2023-01-01 00:18:32,N,1.0,90,68,1.0,1.17,7.9,1.0,0.5,2.58,0.0,,1.0,15.48,1.0,,2.5,yellow_taxi,0.0,
1616,2,2023-01-01 00:13:07,2023-01-01 00:23:25,N,1.0,238,143,2.0,1.8,12.1,1.0,0.5,3.42,0.0,,1.0,20.52,1.0,,2.5,yellow_taxi,0.0,
3297,2,2023-01-01 00:13:07,2023-01-01 00:30:09,N,1.0,66,162,1.0,6.51,28.2,1.0,0.5,0.0,0.0,,1.0,33.2,2.0,,2.5,yellow_taxi,0.0,
2329,2,2023-01-01 00:13:09,2023-01-01 00:26:03,N,1.0,142,238,1.0,2.29,14.2,1.0,0.5,5.76,0.0,,1.0,24.96,1.0,,2.5,yellow_taxi,0.0,
2698,1,2023-01-01 00:13:09,2023-01-01 00:16:00,N,1.0,237,43,2.0,0.4,5.1,3.5,0.5,2.5,0.0,,1.0,12.6,1.0,,2.5,yellow_taxi,0.0,
2924,2,2023-01-01 00:13:09,2023-01-01 00:17:53,N,1.0,263,141,2.0,1.09,7.2,1.0,0.5,2.44,0.0,,1.0,14.64,1.0,,2.5,yellow_taxi,0.0,
3831,1,2023-01-01 00:13:10,2023-01-01 00:26:15,N,1.0,79,170,1.0,1.4,10.7,3.5,0.5,0.0,0.0,,1.0,15.7,2.0,,2.5,yellow_taxi,0.0,
2274,2,2023-01-01 00:13:10,2023-01-01 00:28:44,N,1.0,148,75,1.0,6.98,29.6,1.0,0.5,5.3,0.0,,1.0,39.9,1.0,,2.5,yellow_taxi,0.0,
4430,2,2023-01-01 00:13:10,2023-01-01 00:18:23,N,1.0,164,234,1.0,0.69,7.2,1.0,0.5,0.0,0.0,,1.0,12.2,2.0,,2.5,yellow_taxi,0.0,
3351,2,2023-01-01 00:13:12,2023-01-01 00:28:58,N,1.0,107,262,1.0,4.16,19.8,1.0,0.5,6.2,0.0,,1.0,31.0,1.0,,2.5,yellow_taxi,0.0,
3087,2,2023-01-01 00:13:13,2023-01-01 00:35:15,N,1.0,211,263,1.0,6.0,28.9,1.0,0.5,8.47,0.0,,1.0,42.37,1.0,,2.5,yellow_taxi,0.0,
3,1,2023-01-01 00:13:14,2023-01-01 00:19:03,N,1.0,41,238,1.0,1.3,6.5,0.5,1.5,1.7,0.0,,1.0,10.2,1.0,1.0,0.0,green_taxi,,
2898,1,2023-01-01 00:13:14,2023-01-01 00:23:00,N,1.0,170,233,2.0,0.9,9.3,3.5,0.5,4.3,0.0,,1.0,18.6,1.0,,2.5,yellow_taxi,0.0,
3924,2,2023-01-01 00:13:14,2023-01-01 00:17:32,N,1.0,107,170,2.0,0.81,6.5,1.0,0.5,2.3,0.0,,1.0,13.8,1.0,,2.5,yellow_taxi,0.0,
1632,2,2023-01-01 00:13:15,2023-01-01 00:23:55,N,1.0,234,141,1.0,2.21,12.8,1.0,0.5,2.67,0.0,,1.0,20.47,1.0,,2.5,yellow_taxi,0.0,
2995271,2,2023-01-01 00:13:15,2023-01-01 00:18:32,,,211,90,,1.13,12.8,0.0,0.5,3.36,0.0,,1.0,20.16,0.0,,,yellow_taxi,,
4749,1,2023-01-01 00:13:17,2023-01-01 00:37:52,N,1.0,163,164,2.0,2.1,19.1,3.5,0.5,4.8,0.0,,1.0,28.9,1.0,,2.5,yellow_taxi,0.0,
2812,2,2023-01-01 00:13:18,2023-01-01 00:33:31,N,1.0,132,226,1.0,15.12,56.9,1.0,0.5,11.88,0.0,,1.0,72.53,1.0,,0.0,yellow_taxi,1.25,
2706,2,2023-01-01 00:13:18,2023-01-01 00:38:17,N,1.0,264,264,1.0,10.4,43.6,1.0,0.5,14.58,0.0,,1.0,63.18,1.0,,2.5,yellow_taxi,0.0,
4273,2,2023-01-01 00:13:20,2023-01-01 00:32:37,N,1.0,132,39,1.0,9.52,39.4,1.0,0.5,0.0,0.0,,1.0,43.15,2.0,,0.0,yellow_taxi,1.25,
155,2,2023-01-01 00:13:21,2023-01-01 00:17:03,N,1.0,107,79,1.0,0.75,5.8,1.0,0.5,0.0,0.0,,1.0,10.8,2.0,,2.5,yellow_taxi,0.0,
246,2,2023-01-01 00:13:21,2023-01-01 00:19:45,N,1.0,137,141,2.0,1.73,10.0,1.0,0.5,3.0,0.0,,1.0,18.0,1.0,,2.5,yellow_taxi,0.0,
1743,2,2023-01-01 00:13:21,2023-01-01 00:18:29,N,1.0,246,90,1.0,0.76,7.2,1.0,0.5,2.44,0.0,,1.0,14.64,1.0,,2.5,yellow_taxi,0.0,
2971,2,2023-01-01 00:13:24,2023-01-01 00:28:44,N,1.0,186,79,1.0,2.09,15.6,1.0,0.5,4.12,0.0,,1.0,24.72,1.0,,2.5,yellow_taxi,0.0,
963,2,2023-01-01 00:13:25,2023-01-01 00:23:52,N,1.0,107,114,1.0,1.64,10.7,1.0,0.5,0.0,0.0,,1.0,15.7,2.0,,2.5,yellow_taxi,0.0,
3404,2,2023-01-01 00:13:27,2023-01-01 00:43:06,N,1.0,114,127,1.0,12.63,52.0,1.0,0.5,1.71,0.0,,1.0,58.71,1.0,,2.5,yellow_taxi,0.0,
2174,1,2023-01-01 00:13:27,2023-01-01 00:15:29,N,1.0,161,162,1.0,0.2,3.7,3.5,0.5,0.0,0.0,,1.0,8.7,3.0,,2.5,yellow_taxi,0.0,
1147,2,2023-01-01 00:13:27,2023-01-01 00:34:00,N,1.0,48,88,2.0,5.23,25.4,1.0,0.5,0.0,0.0,,1.0,30.4,2.0,,2.5,yellow_taxi,0.0,
563,2,2023-01-01 00:13:27,2023-01-01 00:16:17,N,1.0,79,79,1.0,0.49,5.1,1.0,0.5,2.02,0.0,,1.0,12.12,1.0,,2.5,yellow_taxi,0.0,
526,1,2023-01-01 00:13:28,2023-01-01 00:29:12,N,1.0,79,87,2.0,3.7,18.4,3.5,0.5,4.65,0.0,,1.0,28.05,1.0,,2.5,yellow_taxi,0.0,
52,1,2023-01-01 00:13:29,2023-01-01 00:23:51,N,1.0,164,161,1.0,1.2,10.0,3.5,0.5,0.0,0.0,,1.0,15.0,2.0,,2.5,yellow_taxi,0.0,
21,1,2023-01-01 00:13:30,2023-01-01 00:44:00,N,2.0,132,116,1.0,17.8,70.0,1.25,0.5,15.85,6.55,,1.0,95.15,1.0,,0.0,yellow_taxi,1.25,
4889,2,2023-01-01 00:13:30,2023-01-01 00:26:39,N,1.0,249,233,2.0,2.23,14.2,1.0,0.5,3.84,0.0,,1.0,23.04,1.0,,2.5,yellow_taxi,0.0,
992,2,2023-01-01 00:13:32,2023-01-01 00:36:20,N,1.0,68,33,1.0,5.17,26.1,1.0,0.5,6.22,0.0,,1.0,37.32,1.0,,2.5,yellow_taxi,0.0,
4507,2,2023-01-01 00:13:32,2023-01-01 00:32:58,N,1.0,238,107,1.0,5.66,26.8,1.0,0.5,6.36,0.0,,1.0,38.16,1.0,,2.5,yellow_taxi,0.0,
2945,2,2023-01-01 00:13:32,2023-01-01 00:17:30,N,1.0,238,238,1.0,0.67,6.5,1.0,0.5,2.3,0.0,,1.0,13.8,1.0,,2.5,yellow_taxi,0.0,
2352,2,2023-01-01 00:13:33,2023-01-01 00:38:08,N,1.0,132,9,2.0,11.91,45.7,1.0,0.5,0.0,0.0,,1.0,49.45,4.0,,0.0,yellow_taxi,1.25,
2351,2,2023-01-01 00:13:33,2023-01-01 00:38:08,N,1.0,132,9,2.0,11.91,-45.7,-1.0,-0.5,0.0,0.0,,-1.0,-49.45,4.0,,0.0,yellow_taxi,-1.25,
2903,1,2023-01-01 00:13:34,2023-01-01 00:37:33,N,1.0,264,264,1.0,7.2,33.1,3.5,0.5,8.93,6.55,,1.0,53.58,1.0,,2.5,yellow_taxi,0.0,
2961,2,2023-01-01 00:13:34,2023-01-01 00:35:04,N,1.0,164,238,1.0,4.03,23.3,1.0,0.5,5.66,0.0,,1.0,33.96,1.0,,2.5,yellow_taxi,0.0,
1420,2,2023-01-01 00:13:34,2023-01-01 00:21:16,N,1.0,162,170,1.0,1.31,9.3,1.0,0.5,2.86,0.0,,1.0,17.16,1.0,,2.5,yellow_taxi,0.0,
412,1,2023-01-01 00:13:35,2023-01-01 00:18:20,N,1.0,234,114,2.0,0.9,6.5,3.5,0.5,2.3,0.0,,1.0,13.8,1.0,,2.5,yellow_taxi,0.0,
438,2,2023-01-01 00:13:35,2023-01-01 00:28:01,N,1.0,236,107,2.0,3.2,17.0,1.0,0.5,4.4,0.0,,1.0,26.4,1.0,,2.5,yellow_taxi,0.0,
4648,2,2023-01-01 00:13:35,2023-01-01 00:33:07,N,1.0,142,74,1.0,4.27,21.9,1.0,0.5,8.07,0.0,,1.0,34.97,1.0,,2.5,yellow_taxi,0.0,
2577,2,2023-01-01 00:13:36,2023-01-01 00:35:37,N,1.0,79,41,1.0,7.07,31.7,1.0,0.5,0.0,0.0,,1.0,36.7,1.0,,2.5,yellow_taxi,0.0,
3368,1,2023-01-01 00:13:36,2023-01-01 00:33:27,N,1.0,234,43,2.0,3.0,17.7,3.5,0.5,0.0,0.0,,1.0,22.7,2.0,,2.5,yellow_taxi,0.0,
2124,2,2023-01-01 00:13:36,2023-01-01 00:48:23,N,1.0,132,225,1.0,10.88,47.8,1.0,0.5,0.0,0.0,,1.0,51.55,2.0,,0.0,yellow_taxi,1.25,
3702,2,2023-01-01 00:13:38,2023-01-01 00:21:28,N,1.0,239,236,2.0,1.82,10.7,1.0,0.5,3.14,0.0,,1.0,18.84,1.0,,2.5,yellow_taxi,0.0,
1452,2,2023-01-01 00:13:38,2023-01-01 00:25:13,N,1.0,163,170,4.0,1.61,12.1,1.0,0.5,0.0,0.0,,1.0,17.1,2.0,,2.5,yellow_taxi,0.0,
2995168,2,2023-01-01 00:13:38,2023-01-01 00:21:56,,,113,232,,1.89,13.19,0.0,0.5,3.44,0.0,,1.0,20.63,0.0,,,yellow_taxi,,
3997,2,2023-01-01 00:13:39,2023-01-01 00:39:47,N,2.0,132,263,1.0,19.45,70.0,0.0,0.5,0.0,6.55,,1.0,81.8,2.0,,2.5,yellow_taxi,1.25,
1663,2,2023-01-01 00:13:40,2023-01-01 00:45:08,N,2.0,132,244,1.0,21.15,70.0,0.0,0.5,0.0,6.55,,1.0,79.3,2.0,,0.0,yellow_taxi,1.25,
3944,2,2023-01-01 00:13:40,2023-01-01 00:24:54,N,1.0,132,203,1.0,4.72,21.2,1.0,0.5,3.74,0.0,,1.0,28.69,1.0,,0.0,yellow_taxi,1.25,
4464,2,2023-01-01 00:13:40,2023-01-01 00:25:39,N,1.0,162,164,1.0,1.29,12.1,1.0,0.5,0.0,0.0,,1.0,17.1,2.0,,2.5,yellow_taxi,0.0,
2995283,2,2023-01-01 00:13:40,2023-01-01 00:33:06,,,79,161,,2.79,19.48,0.0,0.5,3.52,0.0,,1.0,27.0,0.0,,,yellow_taxi,,
4129,2,2023-01-01 00:13:41,2023-01-01 00:23:36,N,1.0,161,140,1.0,2.23,12.8,1.0,0.5,5.34,0.0,,1.0,23.14,1.0,,2.5,yellow_taxi,0.0,
3747,2,2023-01-01 00:13:42,2023-01-01 00:27:15,N,1.0,158,114,2.0,1.62,13.5,1.0,0.5,3.0,0.0,,1.0,21.5,1.0,,2.5,yellow_taxi,0.0,
2514,2,2023-01-01 00:13:43,2023-01-01 00:59:42,N,1.0,132,251,1.0,28.94,108.0,1.0,0.5,10.0,14.0,,1.0,135.75,1.0,,0.0,yellow_taxi,1.25,
1831,2,2023-01-01 00:13:43,2023-01-01 00:22:56,N,1.0,144,107,1.0,1.34,10.7,1.0,0.5,1.0,0.0,,1.0,16.7,1.0,,2.5,yellow_taxi,0.0,
2570,2,2023-01-01 00:13:45,2023-01-01 00:28:02,N,1.0,161,79,1.0,2.34,15.6,1.0,0.5,4.12,0.0,,1.0,24.72,1.0,,2.5,yellow_taxi,0.0,
42,2,2023-01-01 00:13:47,2023-01-01 00:25:57,N,1.0,129,223,5.0,3.23,17.0,1.0,0.5,2.22,0.0,,1.0,21.72,1.0,1.0,0.0,green_taxi,,
2957,2,2023-01-01 00:13:47,2023-01-01 00:20:33,N,1.0,90,211,1.0,1.66,10.0,1.0,0.5,3.0,0.0,,1.0,18.0,1.0,,2.5,yellow_taxi,0.0,
3520,2,2023-01-01 00:13:48,2023-01-01 00:23:59,N,1.0,132,216,1.0,5.29,21.9,1.0,0.5,4.88,0.0,,1.0,30.53,1.0,,0.0,yellow_taxi,1.25,
3729,2,2023-01-01 00:13:48,2023-01-01 00:33:35,N,1.0,158,50,1.0,1.65,17.7,1.0,0.5,2.0,0.0,,1.0,24.7,1.0,,2.5,yellow_taxi,0.0,
185,1,2023-01-01 00:13:48,2023-01-01 00:24:40,N,1.0,237,234,2.0,2.7,13.5,3.5,0.5,3.7,0.0,,1.0,22.2,1.0,,2.5,yellow_taxi,0.0,
4907,2,2023-01-01 00:13:48,2023-01-01 00:40:44,N,1.0,48,87,3.0,5.44,29.6,1.0,0.5,0.0,0.0,,1.0,34.6,2.0,,2.5,yellow_taxi,0.0,
3001,2,2023-01-01 00:13:50,2023-01-01 00:21:44,N,1.0,140,263,2.0,1.82,10.7,1.0,0.5,3.0,0.0,,1.0,18.7,1.0,,2.5,yellow_taxi,0.0,
722,2,2023-01-01 00:13:50,2023-01-01 00:17:25,N,1.0,90,186,2.0,0.59,5.8,1.0,0.5,0.0,0.0,,1.0,10.8,2.0,,2.5,yellow_taxi,0.0,
498,2,2023-01-01 00:13:51,2023-01-01 00:38:24,N,1.0,161,261,1.0,4.72,26.1,1.0,0.5,0.0,0.0,,1.0,31.1,2.0,,2.5,yellow_taxi,0.0,
1476,2,2023-01-01 00:13:51,2023-01-01 00:29:33,N,1.0,132,130,1.0,6.49,28.2,1.0,0.5,5.0,0.0,,1.0,36.95,1.0,,0.0,yellow_taxi,1.25,
199,2,2023-01-01 00:13:54,2023-01-01 00:19:01,N,1.0,79,79,1.0,0.5,6.5,1.0,0.5,2.3,0.0,,1.0,13.8,1.0,,2.5,yellow_taxi,0.0,
3792,2,2023-01-01 00:13:54,2023-01-01 00:21:26,N,1.0,142,75,1.0,2.03,10.7,1.0,0.5,3.14,0.0,,1.0,18.84,1.0,,2.5,yellow_taxi,0.0,
1665,2,2023-01-01 00:13:54,2023-01-01 00:39:19,N,1.0,79,161,1.0,2.72,22.6,1.0,0.5,2.08,0.0,,1.0,29.68,1.0,,2.5,yellow_taxi,0.0,
4045,2,2023-01-01 00:13:54,2023-01-01 00:19:51,N,1.0,48,239,3.0,1.17,8.6,1.0,0.5,2.72,0.0,,1.0,16.32,1.0,,2.5,yellow_taxi,0.0,
851,2,2023-01-01 00:13:55,2023-01-01 00:35:19,N,1.0,138,181,2.0,11.36,45.7,6.0,0.5,8.17,0.0,,1.0,62.62,1.0,,0.0,yellow_taxi,1.25,
4248,2,2023-01-01 00:13:56,2023-01-01 00:26:37,N,1.0,142,236,1.0,2.17,14.2,1.0,0.5,3.84,0.0,,1.0,23.04,1.0,,2.5,yellow_taxi,0.0,
1716,1,2023-01-01 00:13:56,2023-01-01 00:23:05,N,1.0,170,170,4.0,0.7,7.9,3.5,0.5,2.55,0.0,,1.0,15.45,1.0,,2.5,yellow_taxi,0.0,
1949,1,2023-01-01 00:13:56,2023-01-01 00:17:30,N,1.0,231,125,2.0,1.0,6.5,3.5,0.5,0.0,0.0,,1.0,11.5,2.0,,2.5,yellow_taxi,0.0,
4661,2,2023-01-01 00:13:57,2023-01-01 00:25:44,N,1.0,234,68,1.0,1.36,12.1,1.0,0.5,3.42,0.0,,1.0,20.52,1.0,,2.5,yellow_taxi,0.0,
3136,1,2023-01-01 00:13:58,2023-01-01 00:18:58,N,1.0,233,161,2.0,0.5,6.5,3.5,0.5,0.0,0.0,,1.0,11.5,2.0,,2.5,yellow_taxi,0.0,
2228,2,2023-01-01 00:13:58,2023-01-01 00:25:07,N,1.0,236,137,1.0,2.84,14.9,1.0,0.5,4.98,0.0,,1.0,24.88,1.0,,2.5,yellow_taxi,0.0,
3954,1,2023-01-01 00:13:58,2023-01-01 00:20:53,N,1.0,141,161,2.0,1.1,7.9,3.5,0.5,0.0,0.0,,1.0,12.9,1.0,,2.5,yellow_taxi,0.0,
4651,2,2023-01-01 00:13:58,2023-01-01 00:18:05,N,1.0,229,141,1.0,1.5,7.9,1.0,0.5,1.94,0.0,,1.0,14.84,1.0,,2.5,yellow_taxi,0.0,
2839,2,2023-01-01 00:13:59,2023-01-01 00:26:48,N,1.0,107,229,1.0,2.25,14.2,1.0,0.5,3.84,0.0,,1.0,23.04,1.0,,2.5,yellow_taxi,0.0,
4812,2,2023-01-01 00:13:59,2023-01-01 00:28:31,N,1.0,50,41,1.0,3.95,20.5,1.0,0.5,5.1,0.0,,1.0,30.6,1.0,,2.5,yellow_taxi,0.0,
1599,2,2023-01-01 00:13:59,2023-01-01 00:21:39,N,1.0,68,50,2.0,1.35,7.0,0.5,0.5,2.16,0.0,,0.3,12.96,1.0,,2.5,yellow_taxi,0.0,
2995042,2,2023-01-01 00:14:00,2023-01-01 00:24:00,,,170,79,,0.0,13.19,0.0,0.5,3.44,0.0,,1.0,20.63,0.0,,,yellow_taxi,,
3980,2,2023-01-01 00:14:00,2023-01-01 00:53:58,N,1.0,132,40,1.0,26.29,99.6,1.0,0.5,0.0,0.0,,1.0,103.35,2.0,,0.0,yellow_taxi,1.25,
238,2,2023-01-01 00:14:01,2023-01-01 00:19:11,N,1.0,237,236,1.0,1.31,7.9,1.0,0.5,3.23,0.0,,1.0,16.13,1.0,,2.5,yellow_taxi,0.0,
2666,1,2023-01-01 00:14:01,2023-01-01 00:54:13,N,1.0,113,239,1.0,7.5,42.2,3.5,0.5,9.4,0.0,,1.0,56.6,1.0,,2.5,yellow_taxi,0.0,
4173,1,2023-01-01 00:14:01,2023-01-01 00:27:22,N,1.0,249,87,2.0,3.5,17.0,3.5,0.5,0.0,0.0,,1.0,22.0,2.0,,2.5,yellow_taxi,0.0,
3882,2,2023-01-01 00:14:01,2023-01-01 00:49:29,N,1.0,143,143,1.0,16.7,66.7,1.0,0.5,0.0,0.0,,1.0,71.7,2.0,,2.5,yellow_taxi,0.0,
1983,2,2023-01-01 00:14:02,2023-01-01 00:38:10,N,1.0,107,24,1.0,5.71,27.5,1.0,0.5,9.75,0.0,,1.0,42.25,1.0,,2.5,yellow_taxi,0.0,
444,1,2023-01-01 00:14:02,2023-01-01 00:19:25,N,1.0,239,24,1.0,1.9,9.3,3.5,0.5,3.55,0.0,,1.0,17.85,1.0,,2.5,yellow_taxi,0.0,
819,2,2023-01-01 00:14:03,2023-01-01 00:24:36,N,1.0,237,141,3.0,1.44,11.4,1.0,0.5,0.0,0.0,,1.0,16.4,2.0,,2.5,yellow_taxi,0.0,
4202,2,2023-01-01 00:14:03,2023-01-01 00:44:00,N,1.0,132,149,2.0,14.76,59.7,1.0,0.5,0.0,0.0,,1.0,63.45,2.0,,0.0,yellow_taxi,1.25,
4068,2,2023-01-01 00:14:05,2023-01-01 00:21:27,N,1.0,148,79,2.0,0.84,8.6,1.0,0.5,0.0,0.0,,1.0,13.6,1.0,,2.5,yellow_taxi,0.0,
4433,1,2023-01-01 00:14:05,2023-01-01 00:38:27,N,1.0,186,231,1.0,3.4,20.5,3.5,0.5,5.0,0.0,,1.0,30.5,1.0,,2.5,yellow_taxi,0.0,
817,2,2023-01-01 00:14:06,2023-01-01 00:34:31,N,1.0,246,48,2.0,0.9,17.0,1.0,0.5,0.0,0.0,,1.0,22.0,2.0,,2.5,yellow_taxi,0.0,
2558,2,2023-01-01 00:14:06,2023-01-01 00:26:22,N,1.0,90,209,1.0,2.3,14.2,1.0,0.5,3.5,0.0,,1.0,22.7,1.0,,2.5,yellow_taxi,0.0,
4583,1,2023-01-01 00:14:07,2023-01-01 00:53:40,N,1.0,249,243,2.0,10.9,53.4,3.5,0.5,0.0,0.0,,1.0,58.4,2.0,,2.5,yellow_taxi,0.0,
4857,2,2023-01-01 00:14:08,2023-01-01 00:25:49,N,1.0,79,164,4.0,1.59,12.8,1.0,0.5,0.89,0.0,,1.0,18.69,1.0,,2.5,yellow_taxi,0.0,
2243,2,2023-01-01 00:14:09,2023-01-01 00:30:58,N,1.0,237,161,2.0,0.0,14.2,1.0,0.5,0.0,0.0,,1.0,19.2,2.0,,2.5,yellow_taxi,0.0,
3283,2,2023-01-01 00:14:09,2023-01-01 00:35:45,N,1.0,90,141,1.0,0.0,17.7,1.0,0.5,4.54,0.0,,1.0,27.24,1.0,,2.5,yellow_taxi,0.0,
1081,2,2023-01-01 00:14:09,2023-01-01 00:25:36,N,1.0,162,239,1.0,3.32,15.6,1.0,0.5,4.12,0.0,,1.0,24.72,1.0,,2.5,yellow_taxi,0.0,
669,2,2023-01-01 00:14:10,2023-01-01 00:22:43,N,1.0,140,43,1.0,1.26,10.0,1.0,0.5,3.75,0.0,,1.0,18.75,1.0,,2.5,yellow_taxi,0.0,
1790,2,2023-01-01 00:14:10,2023-01-01 00:19:36,N,1.0,233,107,1.0,1.07,7.9,1.0,0.5,2.58,0.0,,1.0,15.48,1.0,,2.5,yellow_taxi,0.0,
4844,2,2023-01-01 00:14:10,2023-01-01 00:34:03,N,1.0,141,249,1.0,4.35,22.6,1.0,0.5,5.52,0.0,,1.0,33.12,1.0,,2.5,yellow_taxi,0.0,
1989,2,2023-01-01 00:14:11,2023-01-01 00:37:23,N,1.0,162,50,4.0,3.72,22.6,1.0,0.5,4.14,0.0,,1.0,31.74,1.0,,2.5,yellow_taxi,0.0,
4121,2,2023-01-01 00:14:12,2023-01-01 00:31:10,N,5.0,252,265,1.0,13.24,162.0,0.0,0.0,33.91,6.55,,1.0,203.46,1.0,,0.0,yellow_taxi,0.0,
1609,2,2023-01-01 00:14:12,2023-01-01 00:22:25,N,1.0,263,233,2.0,2.13,11.4,1.0,0.5,3.28,0.0,,1.0,19.68,1.0,,2.5,yellow_taxi,0.0,
4559,2,2023-01-01 00:14:13,2023-01-01 00:19:25,N,1.0,143,142,1.0,0.69,7.2,1.0,0.5,2.44,0.0,,1.0,14.64,1.0,,2.5,yellow_taxi,0.0,
59,2,2023-01-01 00:14:13,2023-01-01 00:25:43,N,1.0,129,226,2.0,2.15,13.5,1.0,0.5,0.0,0.0,,1.0,16.0,2.0,1.0,0.0,green_taxi,,
3204,1,2023-01-01 00:14:14,2023-01-01 00:34:14,N,1.0,164,37,1.0,6.7,29.6,3.5,0.5,0.0,6.55,,1.0,41.15,1.0,,2.5,yellow_taxi,0.0,
1023,2,2023-01-01 00:14:15,2023-01-01 00:43:57,N,1.0,249,238,5.0,4.73,31.0,1.0,0.5,7.2,0.0,,1.0,43.2,1.0,,2.5,yellow_taxi,0.0,
501,1,2023-01-01 00:14:15,2023-01-01 00:22:39,N,1.0,231,114,0.0,1.6,10.0,3.5,0.5,3.75,0.0,,1.0,18.75,1.0,,2.5,yellow_taxi,0.0,
4075,2,2023-01-01 00:14:16,2023-01-01 00:40:07,N,1.0,238,136,1.0,7.22,33.8,1.0,0.5,0.0,0.0,,1.0,38.8,2.0,,2.5,yellow_taxi,0.0,
4001,2,2023-01-01 00:14:16,2023-01-01 00:18:43,N,1.0,90,90,1.0,0.84,6.5,1.0,0.5,1.0,0.0,,1.0,12.5,1.0,,2.5,yellow_taxi,0.0,
4655,2,2023-01-01 00:14:17,2023-01-01 00:36:38,N,1.0,142,164,1.0,2.84,21.2,1.0,0.5,5.24,0.0,,1.0,31.44,1.0,,2.5,yellow_taxi,0.0,
2390,2,2023-01-01 00:14:18,2023-01-01 00:41:35,N,2.0,132,107,2.0,18.26,70.0,0.0,0.5,12.27,6.55,,1.0,94.07,1.0,,2.5,yellow_taxi,1.25,
3313,2,2023-01-01 00:14:19,2023-01-01 00:22:18,N,1.0,114,261,1.0,1.75,10.0,1.0,0.5,3.0,0.0,,1.0,18.0,1.0,,2.5,yellow_taxi,0.0,
3271,1,2023-01-01 00:14:20,2023-01-01 00:29:31,N,1.0,170,239,1.0,3.8,17.7,3.5,0.5,4.5,0.0,,1.0,27.2,1.0,,2.5,yellow_taxi,0.0,
356,2,2023-01-01 00:14:21,2023-01-01 00:24:03,N,1.0,151,143,2.0,1.84,12.1,1.0,0.5,1.5,0.0,,1.0,18.6,1.0,,2.5,yellow_taxi,0.0,
4851,2,2023-01-01 00:14:21,2023-01-01 00:40:17,N,1.0,161,209,2.0,0.0,20.5,1.0,0.5,0.0,0.0,,1.0,25.5,2.0,,2.5,yellow_taxi,0.0,
4717,1,2023-01-01 00:14:23,2023-01-01 00:18:25,N,1.0,79,79,1.0,0.7,5.8,3.5,0.5,2.15,0.0,,1.0,12.95,1.0,,2.5,yellow_taxi,0.0,
3754,2,2023-01-01 00:14:23,2023-01-01 00:38:15,N,1.0,264,264,1.0,14.72,56.2,1.0,0.5,0.0,0.0,,1.0,58.7,2.0,,0.0,yellow_taxi,0.0,
2995145,2,2023-01-01 00:14:23,2023-01-01 00:34:48,,,170,238,,3.76,20.47,0.0,0.5,4.89,0.0,,1.0,29.36,0.0,,,yellow_taxi,,
2995113,1,2023-01-01 00:14:25,2023-01-01 00:23:07,,,143,238,,1.2,8.6,1.0,0.5,2.72,0.0,,1.0,16.32,0.0,,,yellow_taxi,,
1544,2,2023-01-01 00:14:25,2023-01-01 00:17:13,N,1.0,249,125,1.0,0.76,5.1,1.0,0.5,0.0,0.0,,1.0,10.1,2.0,,2.5,yellow_taxi,0.0,
2151,2,2023-01-01 00:14:25,2023-01-01 00:19:41,N,1.0,249,186,3.0,1.36,8.6,1.0,0.5,2.72,0.0,,1.0,16.32,1.0,,2.5,yellow_taxi,0.0,
3439,1,2023-01-01 00:14:26,2023-01-01 00:26:33,N,1.0,68,164,1.0,1.6,10.7,3.5,0.5,3.15,0.0,,1.0,18.85,1.0,,2.5,yellow_taxi,0.0,
426,1,2023-01-01 00:14:28,2023-01-01 00:19:47,N,1.0,137,140,1.0,1.7,8.6,3.5,0.5,0.0,0.0,,1.0,13.6,2.0,,2.5,yellow_taxi,0.0,
2084,2,2023-01-01 00:14:28,2023-01-01 00:17:34,N,1.0,142,142,1.0,0.26,5.1,1.0,0.5,2.02,0.0,,1.0,12.12,1.0,,2.5,yellow_taxi,0.0,
1681,2,2023-01-01 00:14:29,2023-01-01 00:30:59,N,1.0,68,79,1.0,1.68,15.6,1.0,0.5,4.12,0.0,,1.0,24.72,1.0,,2.5,yellow_taxi,0.0,
3542,1,2023-01-01 00:14:30,2023-01-01 00:37:52,N,1.0,162,87,1.0,7.0,33.1,3.5,0.5,7.6,0.0,,1.0,45.7,1.0,,2.5,yellow_taxi,0.0,
512,2,2023-01-01 00:14:31,2023-01-01 00:42:18,N,1.0,79,50,5.0,4.23,28.2,1.0,0.5,3.35,0.0,,1.0,36.55,1.0,,2.5,yellow_taxi,0.0,
1373,2,2023-01-01 00:14:31,2023-01-01 00:23:24,N,1.0,164,229,1.0,1.67,10.7,1.0,0.5,3.14,0.0,,1.0,18.84,1.0,,2.5,yellow_taxi,0.0,
3490,2,2023-01-01 00:14:31,2023-01-01 00:25:17,N,1.0,261,234,1.0,2.75,14.2,1.0,0.5,2.88,0.0,,1.0,22.08,1.0,,2.5,yellow_taxi,0.0,
2036,2,2023-01-01 00:14:31,2023-01-01 00:17:53,N,1.0,249,234,6.0,0.62,5.8,1.0,0.5,2.5,0.0,,1.0,13.3,1.0,,2.5,yellow_taxi,0.0,
705,2,2023-01-01 00:14:32,2023-01-01 00:22:50,N,1.0,79,114,1.0,0.97,8.6,1.0,0.5,0.0,0.0,,1.0,13.6,2.0,,2.5,yellow_taxi,0.0,
4426,2,2023-01-01 00:14:32,2023-01-01 00:40:22,N,2.0,132,41,3.0,18.24,70.0,0.0,0.5,19.51,6.55,,1.0,98.81,1.0,,0.0,yellow_taxi,1.25,
2995083,2,2023-01-01 00:14:32,2023-01-01 00:31:49,,,151,140,,3.41,19.63,0.0,0.5,4.73,0.0,,1.0,28.36,0.0,,,yellow_taxi,,
4735,2,2023-01-01 00:14:32,2023-01-01 00:25:05,N,1.0,12,45,1.0,1.9,12.1,1.0,0.5,3.42,0.0,,1.0,20.52,1.0,,2.5,yellow_taxi,0.0,
1075,2,2023-01-01 00:14:35,2023-01-01 00:22:25,N,1.0,161,237,4.0,1.22,9.3,1.0,0.5,2.86,0.0,,1.0,17.16,1.0,,2.5,yellow_taxi,0.0,
582,1,2023-01-01 00:14:36,2023-01-01 00:27:40,N,1.0,138,140,2.0,9.0,34.5,9.75,0.5,10.45,6.55,,1.0,62.75,1.0,,2.5,yellow_taxi,1.25,
898,2,2023-01-01 00:14:37,2023-01-01 00:31:51,N,1.0,43,161,1.0,0.83,14.9,1.0,0.5,0.0,0.0,,1.0,19.9,2.0,,2.5,yellow_taxi,0.0,
3950,2,2023-01-01 00:14:37,2023-01-01 00:43:32,N,1.0,114,263,2.0,4.95,28.9,1.0,0.5,5.08,0.0,,1.0,38.98,1.0,,2.5,yellow_taxi,0.0,
19,2,2023-01-01 00:14:37,2023-01-01 00:21:50,N,1.0,41,75,1.0,0.96,8.6,1.0,0.5,0.0,0.0,,1.0,11.1,2.0,1.0,0.0,green_taxi,,
2298,2,2023-01-01 00:14:38,2023-01-01 00:29:16,N,1.0,237,42,3.0,7.75,31.7,1.0,0.5,0.0,0.0,,1.0,36.7,2.0,,2.5,yellow_taxi,0.0,
3460,2,2023-01-01 00:14:38,2023-01-01 00:16:13,N,1.0,239,239,1.0,0.47,4.4,1.0,0.5,1.88,0.0,,1.0,11.28,1.0,,2.5,yellow_taxi,0.0,
1931,1,2023-01-01 00:14:40,2023-01-01 00:29:09,N,1.0,114,141,2.0,3.5,17.0,3.5,0.5,4.4,0.0,,1.0,26.4,1.0,,2.5,yellow_taxi,0.0,
4904,2,2023-01-01 00:14:41,2023-01-01 00:44:48,N,1.0,234,50,1.0,3.04,26.8,1.0,0.5,3.5,0.0,,1.0,35.3,1.0,,2.5,yellow_taxi,0.0,
1581,2,2023-01-01 00:14:41,2023-01-01 00:19:18,N,1.0,237,141,1.0,0.91,7.2,1.0,0.5,2.0,0.0,,1.0,14.2,1.0,,2.5,yellow_taxi,0.0,
1298,2,2023-01-01 00:14:42,2023-01-01 00:25:39,N,1.0,263,161,1.0,1.91,12.8,1.0,0.5,3.56,0.0,,1.0,21.36,1.0,,2.5,yellow_taxi,0.0,
4382,2,2023-01-01 00:14:43,2023-01-01 01:24:14,N,1.0,48,233,1.0,2.66,52.7,1.0,0.5,0.0,0.0,,1.0,57.7,1.0,,2.5,yellow_taxi,0.0,
4937,1,2023-01-01 00:14:44,2023-01-01 00:43:22,N,1.0,164,137,3.0,2.3,24.0,3.5,0.5,0.0,0.0,,1.0,29.0,1.0,,2.5,yellow_taxi,0.0,
909,1,2023-01-01 00:14:46,2023-01-01 00:36:50,N,1.0,249,229,2.0,3.5,19.8,3.5,0.5,0.0,0.0,,1.0,24.8,2.0,,2.5,yellow_taxi,0.0,
768,2,2023-01-01 00:14:46,2023-01-01 00:23:27,N,1.0,43,170,3.0,1.8,10.7,1.0,0.5,0.0,0.0,,1.0,15.7,2.0,,2.5,yellow_taxi,0.0,
3427,2,2023-01-01 00:14:47,2023-01-01 00:20:18,N,1.0,237,229,1.0,0.78,7.2,1.0,0.5,0.0,0.0,,1.0,12.2,2.0,,2.5,yellow_taxi,0.0,
3694,2,2023-01-01 00:14:48,2023-01-01 00:23:12,N,1.0,229,107,1.0,1.95,11.4,1.0,0.5,0.0,0.0,,1.0,16.4,2.0,,2.5,yellow_taxi,0.0,
2615,1,2023-01-01 00:14:49,2023-01-01 00:21:19,N,1.0,211,232,0.0,0.9,7.9,3.5,0.5,2.55,0.0,,1.0,15.45,1.0,,2.5,yellow_taxi,0.0,
1720,2,2023-01-01 00:14:50,2023-01-01 00:20:42,N,1.0,211,231,1.0,1.04,8.6,1.0,0.5,4.0,0.0,,1.0,17.6,1.0,,2.5,yellow_taxi,0.0,
3059,2,2023-01-01 00:14:50,2023-01-01 00:25:52,N,1.0,170,233,1.0,0.87,10.7,1.0,0.5,3.92,0.0,,1.0,19.62,1.0,,2.5,yellow_taxi,0.0,
1784,1,2023-01-01 00:14:50,2023-01-01 00:22:42,N,1.0,263,238,0.0,2.0,10.7,3.5,0.5,3.93,0.0,,1.0,19.63,1.0,,2.5,yellow_taxi,0.0,
4699,2,2023-01-01 00:14:50,2023-01-01 00:25:54,N,1.0,186,170,5.0,0.82,10.7,1.0,0.5,3.14,0.0,,1.0,18.84,1.0,,2.5,yellow_taxi,0.0,
1396,2,2023-01-01 00:14:51,2023-01-01 00:19:41,N,1.0,141,262,1.0,0.86,7.2,1.0,0.5,2.44,0.0,,1.0,14.64,1.0,,2.5,yellow_taxi,0.0,
677,2,2023-01-01 00:14:54,2023-01-01 00:30:01,N,1.0,161,238,1.0,3.28,17.7,1.0,0.5,5.68,0.0,,1.0,28.38,1.0,,2.5,yellow_taxi,0.0,
2625,2,2023-01-01 00:14:54,2023-01-01 00:19:39,N,1.0,239,151,1.0,1.36,7.9,1.0,0.5,1.1,0.0,,1.0,14.0,1.0,,2.5,yellow_taxi,0.0,
3852,2,2023-01-01 00:14:55,2023-01-01 00:33:14,N,1.0,234,68,1.0,2.13,17.7,1.0,0.5,4.54,0.0,,1.0,27.24,1.0,,2.5,yellow_taxi,0.0,
2197,2,2023-01-01 00:14:56,2023-01-01 00:24:00,N,1.0,236,239,1.0,2.32,12.8,1.0,0.5,3.56,0.0,,1.0,21.36,1.0,,2.5,yellow_taxi,0.0,
941,1,2023-01-01 00:14:56,2023-01-01 00:26:41,N,1.0,170,148,1.0,2.4,12.8,3.5,0.5,4.45,0.0,,1.0,22.25,1.0,,2.5,yellow_taxi,0.0,
3256,1,2023-01-01 00:14:57,2023-01-01 00:20:48,N,1.0,162,141,1.0,1.1,8.6,3.5,0.5,0.0,0.0,,1.0,13.6,2.0,,2.5,yellow_taxi,0.0,
4967,2,2023-01-01 00:15:00,2023-01-01 00:41:39,N,1.0,161,95,1.0,9.28,39.4,1.0,0.5,10.19,6.55,,1.0,61.14,1.0,,2.5,yellow_taxi,0.0,
4873,2,2023-01-01 00:15:00,2023-01-01 00:59:33,N,1.0,163,161,1.0,5.41,38.7,1.0,0.5,0.0,0.0,,1.0,43.7,2.0,,2.5,yellow_taxi,0.0,
2995085,2,2023-01-01 00:15:00,2023-01-01 00:42:00,,,246,4,,3.0,19.98,0.0,0.5,4.8,0.0,,1.0,28.78,0.0,,,yellow_taxi,,
3957,1,2023-01-01 00:15:01,2023-01-01 00:48:02,N,1.0,186,236,2.0,4.5,32.4,3.5,0.5,7.48,0.0,,1.0,44.88,1.0,,2.5,yellow_taxi,0.0,
3194,2,2023-01-01 00:15:03,2023-01-01 00:35:06,N,1.0,113,74,1.0,6.23,28.9,1.0,0.5,0.0,0.0,,1.0,33.9,2.0,,2.5,yellow_taxi,0.0,
2313,1,2023-01-01 00:15:03,2023-01-01 00:26:26,N,1.0,141,142,1.0,1.7,11.4,3.5,0.5,0.0,0.0,,1.0,16.4,2.0,,2.5,yellow_taxi,0.0,
2995106,2,2023-01-01 00:15:04,2023-01-01 00:37:30,,,234,263,,4.47,25.33,0.0,0.5,5.87,0.0,,1.0,35.2,0.0,,,yellow_taxi,,
2004,1,2023-01-01 00:15:05,2023-01-01 00:44:14,N,1.0,132,188,2.0,9.9,42.9,2.25,0.5,0.0,0.0,,1.0,46.65,2.0,,0.0,yellow_taxi,1.25,
986,1,2023-01-01 00:15:05,2023-01-01 00:32:57,N,1.0,113,162,0.0,2.2,14.9,3.5,0.5,0.0,0.0,,1.0,19.9,2.0,,2.5,yellow_taxi,0.0,
2476,2,2023-01-01 00:15:06,2023-01-01 00:41:07,N,1.0,132,248,1.0,18.05,66.7,1.0,0.5,5.0,6.55,,1.0,82.0,1.0,,0.0,yellow_taxi,1.25,
1011,1,2023-01-01 00:15:06,2023-01-01 00:16:31,Y,1.0,239,239,2.0,0.4,4.4,3.5,0.5,1.85,0.0,,1.0,11.25,1.0,,2.5,yellow_taxi,0.0,
1185,2,2023-01-01 00:15:06,2023-01-01 00:26:55,N,1.0,164,233,2.0,1.45,12.1,1.0,0.5,3.42,0.0,,1.0,20.52,1.0,,2.5,yellow_taxi,0.0,
4542,2,2023-01-01 00:15:06,2023-01-01 00:28:58,N,1.0,132,139,1.0,7.51,30.3,1.0,0.5,6.56,0.0,,1.0,40.61,1.0,,0.0,yellow_taxi,1.25,
4211,1,2023-01-01 00:15:07,2023-01-01 00:31:24,N,1.0,237,239,2.0,2.5,17.0,3.5,0.5,6.55,0.0,,1.0,28.55,1.0,,2.5,yellow_taxi,0.0,
2194,2,2023-01-01 00:15:07,2023-01-01 00:23:52,N,1.0,141,43,1.0,1.05,10.0,1.0,0.5,3.0,0.0,,1.0,18.0,1.0,,2.5,yellow_taxi,0.0,
3410,2,2023-01-01 00:15:07,2023-01-01 00:43:39,N,1.0,132,33,1.0,19.46,73.0,1.0,0.5,15.1,0.0,,1.0,91.85,1.0,,0.0,yellow_taxi,1.25,
4555,2,2023-01-01 00:15:08,2023-01-01 00:20:05,N,1.0,263,75,1.0,1.28,7.9,1.0,0.5,0.0,0.0,,1.0,12.9,2.0,,2.5,yellow_taxi,0.0,
4814,2,2023-01-01 00:15:12,2023-01-01 00:24:18,N,1.0,238,141,2.0,1.79,11.4,1.0,0.5,4.1,0.0,,1.0,20.5,1.0,,2.5,yellow_taxi,0.0,
3934,2,2023-01-01 00:15:12,2023-01-01 00:39:34,N,1.0,239,18,1.0,11.18,45.0,1.0,0.5,0.0,0.0,,1.0,50.0,3.0,,2.5,yellow_taxi,0.0,
4808,1,2023-01-01 00:15:12,2023-01-01 00:26:59,N,1.0,238,143,2.0,1.7,10.7,3.5,0.5,0.0,0.0,,1.0,15.7,2.0,,2.5,yellow_taxi,0.0,
3933,2,2023-01-01 00:15:12,2023-01-01 00:39:34,N,1.0,239,18,1.0,11.18,-45.0,-1.0,-0.5,0.0,0.0,,-1.0,-50.0,3.0,,-2.5,yellow_taxi,0.0,
40,2,2023-01-01 00:15:13,2023-01-01 00:24:45,N,1.0,79,170,5.0,1.3,10.7,1.0,0.5,3.14,0.0,,1.0,18.84,1.0,,2.5,yellow_taxi,0.0,
4436,1,2023-01-01 00:15:14,2023-01-01 00:22:41,Y,1.0,236,75,0.0,1.6,10.0,3.5,0.5,3.0,0.0,,1.0,18.0,1.0,,2.5,yellow_taxi,0.0,
635,2,2023-01-01 00:15:15,2023-01-01 00:55:24,N,1.0,132,188,1.0,12.98,55.5,1.0,0.5,0.0,0.0,,1.0,59.25,2.0,,0.0,yellow_taxi,1.25,
327,1,2023-01-01 00:15:15,2023-01-01 00:39:30,N,1.0,144,263,1.0,7.5,33.1,3.5,0.5,3.0,0.0,,1.0,41.1,1.0,,2.5,yellow_taxi,0.0,
1778,2,2023-01-01 00:15:15,2023-01-01 00:26:01,N,1.0,141,107,2.0,3.07,14.9,1.0,0.5,4.97,0.0,,1.0,24.87,1.0,,2.5,yellow_taxi,0.0,
4330,1,2023-01-01 00:15:16,2023-01-01 00:20:04,N,1.0,141,263,1.0,1.7,8.6,3.5,0.5,2.7,0.0,,1.0,16.3,1.0,,2.5,yellow_taxi,0.0,
81,2,2023-01-01 00:15:17,2023-01-01 00:23:01,N,1.0,43,161,2.0,0.64,7.9,1.0,0.5,0.0,0.0,,1.0,12.9,2.0,,2.5,yellow_taxi,0.0,
208,2,2023-01-01 00:15:17,2023-01-01 00:23:04,N,1.0,211,79,2.0,1.23,9.3,1.0,0.5,3.58,0.0,,1.0,17.88,1.0,,2.5,yellow_taxi,0.0,
2995350,1,2023-01-01 00:15:17,2023-01-01 00:56:35,,,68,233,,0.0,12.3,0.0,0.5,0.0,0.0,,1.0,16.3,0.0,,,yellow_taxi,,
2127,2,2023-01-01 00:15:18,2023-01-01 00:18:49,N,1.0,164,234,5.0,0.85,5.8,1.0,0.5,0.0,0.0,,1.0,10.8,2.0,,2.5,yellow_taxi,0.0,
1443,2,2023-01-01 00:15:18,2023-01-01 00:29:49,N,1.0,164,4,1.0,2.03,14.9,1.0,0.5,4.97,0.0,,1.0,24.87,1.0,,2.5,yellow_taxi,0.0,
1235,1,2023-01-01 00:15:18,2023-01-01 00:34:59,N,1.0,68,48,1.0,0.7,16.3,3.5,0.5,2.0,0.0,,1.0,23.3,1.0,,2.5,yellow_taxi,0.0,
1254,1,2023-01-01 00:15:21,2023-01-01 00:33:01,N,1.0,164,262,1.0,3.0,17.7,3.5,0.5,4.55,0.0,,1.0,27.25,1.0,,2.5,yellow_taxi,0.0,
2814,2,2023-01-01 00:15:21,2023-01-01 00:20:23,N,1.0,90,79,1.0,0.97,7.2,1.0,0.5,0.0,0.0,,1.0,12.2,2.0,,2.5,yellow_taxi,0.0,
4687,1,2023-01-01 00:15:21,2023-01-01 00:46:52,N,1.0,79,37,1.0,5.3,32.4,3.5,0.5,0.0,0.0,,1.0,37.4,1.0,,2.5,yellow_taxi,0.0,
1377,2,2023-01-01 00:15:22,2023-01-01 00:19:13,N,1.0,141,263,2.0,1.16,7.2,1.0,0.5,0.0,0.0,,1.0,12.2,2.0,,2.5,yellow_taxi,0.0,
2996,2,2023-01-01 00:15:22,2023-01-01 00:24:26,N,1.0,234,246,3.0,1.48,10.7,1.0,0.5,3.92,0.0,,1.0,19.62,1.0,,2.5,yellow_taxi,0.0,
639,2,2023-01-01 00:15:23,2023-01-01 00:29:18,N,1.0,107,236,1.0,3.45,17.0,1.0,0.5,2.8,0.0,,1.0,24.8,1.0,,2.5,yellow_taxi,0.0,
19,1,2023-01-01 00:15:23,2023-01-01 00:29:41,N,1.0,143,229,2.0,2.5,15.6,3.5,0.5,0.0,0.0,,1.0,20.6,2.0,,2.5,yellow_taxi,0.0,
2842,2,2023-01-01 00:15:24,2023-01-01 00:45:19,N,1.0,186,33,2.0,7.55,36.6,1.0,0.5,9.63,6.55,,1.0,57.78,1.0,,2.5,yellow_taxi,0.0,
3975,2,2023-01-01 00:15:24,2023-01-01 00:32:44,N,1.0,158,246,1.0,1.63,17.0,1.0,0.5,0.0,0.0,,1.0,22.0,1.0,,2.5,yellow_taxi,0.0,
365,1,2023-01-01 00:15:25,2023-01-01 00:18:06,N,1.0,229,137,1.0,0.3,4.4,3.5,0.5,2.35,0.0,,1.0,11.75,1.0,,2.5,yellow_taxi,0.0,
591,1,2023-01-01 00:15:25,2023-01-01 00:22:35,N,1.0,148,114,2.0,0.9,7.9,3.5,0.5,1.0,0.0,,1.0,13.9,1.0,,2.5,yellow_taxi,0.0,
3680,2,2023-01-01 00:15:25,2023-01-01 00:22:21,N,1.0,79,229,1.0,2.5,11.4,1.0,0.5,3.28,0.0,,1.0,19.68,1.0,,2.5,yellow_taxi,0.0,
1674,1,2023-01-01 00:15:26,2023-01-01 00:42:12,N,1.0,25,213,1.0,0.0,45.5,0.0,0.5,0.0,6.55,,1.0,53.55,1.0,,0.0,yellow_taxi,0.0,
773,1,2023-01-01 00:15:27,2023-01-01 00:17:39,N,1.0,236,141,2.0,0.3,4.4,3.5,0.5,0.0,0.0,,1.0,9.4,2.0,,2.5,yellow_taxi,0.0,
2755,2,2023-01-01 00:15:27,2023-01-01 00:23:59,N,1.0,264,264,1.0,1.83,11.4,1.0,0.5,3.28,0.0,,1.0,19.68,1.0,,2.5,yellow_taxi,0.0,
1046,2,2023-01-01 00:15:28,2023-01-01 00:25:47,N,1.0,143,50,1.0,1.02,10.7,1.0,0.5,3.14,0.0,,1.0,18.84,1.0,,2.5,yellow_taxi,0.0,
2805,1,2023-01-01 00:15:29,2023-01-01 00:26:46,N,1.0,148,87,1.0,3.7,17.0,3.5,0.5,6.55,0.0,,1.0,28.55,1.0,,2.5,yellow_taxi,0.0,
734,2,2023-01-01 00:15:30,2023-01-01 00:44:17,N,1.0,148,136,2.0,12.42,49.9,1.0,0.5,8.0,0.0,,1.0,62.9,1.0,,2.5,yellow_taxi,0.0,
3947,2,2023-01-01 00:15:31,2023-01-01 00:25:45,N,1.0,264,162,1.0,1.57,11.4,1.0,0.5,3.28,0.0,,1.0,19.68,1.0,,2.5,yellow_taxi,0.0,
2087,2,2023-01-01 00:15:31,2023-01-01 00:19:00,N,1.0,170,162,1.0,0.82,5.8,1.0,0.5,1.08,0.0,,1.0,11.88,1.0,,2.5,yellow_taxi,0.0,
2480,1,2023-01-01 00:15:31,2023-01-01 00:19:09,N,1.0,263,262,3.0,0.7,5.8,3.5,0.5,2.15,0.0,,1.0,12.95,1.0,,2.5,yellow_taxi,0.0,
2520,2,2023-01-01 00:15:32,2023-01-01 00:23:39,N,1.0,45,90,1.0,2.31,12.1,1.0,0.5,3.42,0.0,,1.0,20.52,1.0,,2.5,yellow_taxi,0.0,
4607,2,2023-01-01 00:15:32,2023-01-01 00:25:59,N,1.0,237,164,2.0,1.59,11.4,1.0,0.5,2.0,0.0,,1.0,18.4,1.0,,2.5,yellow_taxi,0.0,
56,2,2023-01-01 00:15:32,2023-01-01 00:23:03,N,1.0,24,239,1.0,1.47,10.0,1.0,0.5,4.58,0.0,,1.0,19.83,1.0,1.0,2.75,green_taxi,,
3475,2,2023-01-01 00:15:33,2023-01-01 00:35:23,N,1.0,79,75,1.0,4.58,21.9,1.0,0.5,5.38,0.0,,1.0,32.28,1.0,,2.5,yellow_taxi,0.0,
2199,1,2023-01-01 00:15:33,2023-01-01 00:29:42,N,1.0,234,144,3.0,2.3,14.9,3.5,0.5,3.95,0.0,,1.0,23.85,1.0,,2.5,yellow_taxi,0.0,
4713,2,2023-01-01 00:15:33,2023-01-01 00:36:11,N,1.0,170,143,2.0,2.93,20.5,1.0,0.5,7.65,0.0,,1.0,33.15,1.0,,2.5,yellow_taxi,0.0,
555,2,2023-01-01 00:15:34,2023-01-01 00:21:01,N,1.0,239,151,2.0,1.38,8.6,1.0,0.5,2.72,0.0,,1.0,16.32,1.0,,2.5,yellow_taxi,0.0,
2379,2,2023-01-01 00:15:36,2023-01-01 00:21:58,N,1.0,237,236,2.0,1.29,8.6,1.0,0.5,2.72,0.0,,1.0,16.32,1.0,,2.5,yellow_taxi,0.0,
1189,2,2023-01-01 00:15:36,2023-01-01 00:27:02,N,1.0,137,114,1.0,1.84,12.1,1.0,0.5,1.0,0.0,,1.0,18.1,1.0,,2.5,yellow_taxi,0.0,
3278,2,2023-01-01 00:15:37,2023-01-01 00:37:32,N,1.0,142,231,1.0,5.26,26.8,1.0,0.5,6.36,0.0,,1.0,38.16,1.0,,2.5,yellow_taxi,0.0,
1866,2,2023-01-01 00:15:37,2023-01-01 00:29:13,N,1.0,68,114,1.0,1.81,14.2,1.0,0.5,5.76,0.0,,1.0,24.96,1.0,,2.5,yellow_taxi,0.0,
977,1,2023-01-01 00:15:37,2023-01-01 00:24:43,N,1.0,239,237,1.0,1.5,9.3,3.5,0.5,1.0,0.0,,1.0,15.3,1.0,,2.5,yellow_taxi,0.0,
2645,2,2023-01-01 00:15:39,2023-01-01 00:50:17,N,1.0,132,106,1.0,19.71,75.8,1.0,0.5,19.57,0.0,,1.0,99.12,1.0,,0.0,yellow_taxi,1.25,
2422,1,2023-01-01 00:15:40,2023-01-01 00:20:58,N,1.0,140,263,1.0,1.3,7.2,3.5,0.5,2.45,0.0,,1.0,14.65,1.0,,2.5,yellow_taxi,0.0,
1182,1,2023-01-01 00:15:41,2023-01-01 00:42:12,N,1.0,237,164,3.0,1.5,17.7,3.5,0.5,0.0,0.0,,1.0,22.7,2.0,,2.5,yellow_taxi,0.0,
2081,2,2023-01-01 00:15:41,2023-01-01 00:17:57,N,1.0,237,236,1.0,0.61,5.1,1.0,0.5,2.02,0.0,,1.0,12.12,1.0,,2.5,yellow_taxi,0.0,
2287,2,2023-01-01 00:15:43,2023-01-01 00:25:06,N,1.0,158,246,1.0,1.74,11.4,1.0,0.5,0.0,0.0,,1.0,16.4,2.0,,2.5,yellow_taxi,0.0,
822,2,2023-01-01 00:15:43,2023-01-01 00:22:33,N,1.0,262,75,4.0,1.12,8.6,1.0,0.5,1.09,0.0,,1.0,14.69,1.0,,2.5,yellow_taxi,0.0,
2092,2,2023-01-01 00:15:43,2023-01-01 00:24:33,N,1.0,142,236,2.0,1.39,10.7,1.0,0.5,3.14,0.0,,1.0,18.84,1.0,,2.5,yellow_taxi,0.0,
1992,2,2023-01-01 00:15:43,2023-01-01 00:22:46,N,1.0,68,113,1.0,1.3,9.3,1.0,0.5,2.86,0.0,,1.0,17.16,1.0,,2.5,yellow_taxi,0.0,
4077,2,2023-01-01 00:15:44,2023-01-01 00:21:18,N,1.0,148,144,3.0,0.89,7.2,1.0,0.5,2.44,0.0,,1.0,14.64,1.0,,2.5,yellow_taxi,0.0,
2134,2,2023-01-01 00:15:45,2023-01-01 00:30:50,N,1.0,142,170,2.0,2.55,16.3,1.0,0.5,0.0,0.0,,1.0,21.3,2.0,,2.5,yellow_taxi,0.0,
1589,2,2023-01-01 00:15:46,2023-01-01 00:28:50,N,1.0,249,114,1.0,1.06,12.1,1.0,0.5,3.42,0.0,,1.0,20.52,1.0,,2.5,yellow_taxi,0.0,
1417,2,2023-01-01 00:15:47,2023-01-01 00:38:04,N,2.0,132,170,2.0,16.96,70.0,0.0,0.5,12.27,6.55,,1.0,94.07,1.0,,2.5,yellow_taxi,1.25,
3816,2,2023-01-01 00:15:47,2023-01-01 00:25:39,N,1.0,143,236,2.0,1.81,12.1,1.0,0.5,3.42,0.0,,1.0,20.52,1.0,,2.5,yellow_taxi,0.0,
588,2,2023-01-01 00:15:48,2023-01-01 00:19:17,N,1.0,229,137,1.0,1.02,6.5,1.0,0.5,2.3,0.0,,1.0,13.8,1.0,,2.5,yellow_taxi,0.0,
435,2,2023-01-01 00:15:48,2023-01-01 00:29:17,N,1.0,144,246,1.0,2.65,14.9,1.0,0.5,3.98,0.0,,1.0,23.88,1.0,,2.5,yellow_taxi,0.0,
1224,2,2023-01-01 00:15:49,2023-01-01 00:25:02,N,1.0,113,170,1.0,1.72,11.4,1.0,0.5,0.0,0.0,,1.0,16.4,2.0,,2.5,yellow_taxi,0.0,
4448,2,2023-01-01 00:15:50,2023-01-01 00:20:52,N,1.0,114,144,1.0,0.63,7.2,1.0,0.5,2.44,0.0,,1.0,14.64,1.0,,2.5,yellow_taxi,0.0,
3408,2,2023-01-01 00:15:50,2023-01-01 00:29:04,N,1.0,236,143,1.0,2.55,14.9,1.0,0.5,3.0,0.0,,1.0,22.9,1.0,,2.5,yellow_taxi,0.0,
4019,2,2023-01-01 00:15:54,2023-01-01 23:51:50,N,1.0,231,4,5.0,2.54,18.4,1.0,0.5,4.68,0.0,,1.0,28.08,1.0,,2.5,yellow_taxi,0.0,
3758,2,2023-01-01 00:15:55,2023-01-01 00:31:46,N,1.0,234,246,1.0,1.96,16.3,1.0,0.5,4.26,0.0,,1.0,25.56,1.0,,2.5,yellow_taxi,0.0,
4799,2,2023-01-01 00:15:55,2023-01-01 00:25:50,N,1.0,249,87,1.0,2.1,12.1,1.0,0.5,3.42,0.0,,1.0,20.52,1.0,,2.5,yellow_taxi,0.0,
1530,2,2023-01-01 00:15:57,2023-01-01 00:23:39,N,1.0,107,137,6.0,0.93,8.6,1.0,0.5,2.72,0.0,,1.0,16.32,1.0,,2.5,yellow_taxi,0.0,
3451,2,2023-01-01 00:15:59,2023-01-01 00:21:13,N,1.0,79,107,6.0,0.9,7.2,1.0,0.5,3.05,0.0,,1.0,15.25,1.0,,2.5,yellow_taxi,0.0,
3973,1,2023-01-01 00:15:59,2023-01-01 00:27:41,N,1.0,144,79,2.0,1.4,12.1,3.5,0.5,3.0,0.0,,1.0,20.1,1.0,,2.5,yellow_taxi,0.0,
2995316,2,2023-01-01 00:16:00,2023-01-01 00:38:00,,,90,262,,4.77,27.42,0.0,0.5,7.86,0.0,,1.0,39.28,0.0,,,yellow_taxi,,
258,1,2023-01-01 00:16:01,2023-01-01 00:26:13,N,1.0,237,143,1.0,1.4,10.0,3.5,0.5,0.0,0.0,,1.0,15.0,2.0,,2.5,yellow_taxi,0.0,
2233,2,2023-01-01 00:16:02,2023-01-01 00:27:17,N,1.0,141,79,1.0,2.61,14.2,1.0,0.5,8.8,0.0,,1.0,28.0,1.0,,2.5,yellow_taxi,0.0,
2693,2,2023-01-01 00:16:02,2023-01-01 00:30:18,N,1.0,166,239,4.0,2.64,17.0,1.0,0.5,4.4,0.0,,1.0,26.4,1.0,,2.5,yellow_taxi,0.0,
960,2,2023-01-01 00:16:02,2023-01-01 00:25:53,N,1.0,229,170,3.0,1.5,11.4,1.0,0.5,4.1,0.0,,1.0,20.5,1.0,,2.5,yellow_taxi,0.0,
2760,2,2023-01-01 00:16:03,2023-01-01 00:44:32,N,2.0,132,238,2.0,20.07,70.0,0.0,0.5,15.61,6.55,,1.0,94.91,1.0,,0.0,yellow_taxi,1.25,
4540,2,2023-01-01 00:16:04,2023-01-01 00:38:10,N,1.0,114,263,1.0,5.35,26.1,1.0,0.5,0.0,0.0,,1.0,31.1,2.0,,2.5,yellow_taxi,0.0,
456,2,2023-01-01 00:16:06,2023-01-01 00:35:29,N,1.0,237,79,1.0,3.7,20.5,1.0,0.5,0.0,0.0,,1.0,25.5,2.0,,2.5,yellow_taxi,0.0,
2504,2,2023-01-01 00:16:06,2023-01-01 00:31:59,N,1.0,79,256,1.0,3.16,19.1,1.0,0.5,6.02,0.0,,1.0,30.12,1.0,,2.5,yellow_taxi,0.0,
4940,2,2023-01-01 00:16:06,2023-01-01 00:33:22,N,1.0,151,163,2.0,2.54,17.7,1.0,0.5,4.54,0.0,,1.0,27.24,1.0,,2.5,yellow_taxi,0.0,
1563,2,2023-01-01 00:16:07,2023-01-01 00:31:06,N,1.0,137,75,1.0,3.58,18.4,1.0,0.5,4.21,0.0,,1.0,27.61,1.0,,2.5,yellow_taxi,0.0,
4440,2,2023-01-01 00:16:08,2023-01-01 00:21:25,N,1.0,140,229,2.0,0.94,7.9,1.0,0.5,2.58,0.0,,1.0,15.48,1.0,,2.5,yellow_taxi,0.0,
3994,2,2023-01-01 00:16:09,2023-01-01 01:00:34,N,1.0,48,233,2.0,2.56,35.2,1.0,0.5,0.0,0.0,,1.0,40.2,1.0,,2.5,yellow_taxi,0.0,
108,2,2023-01-01 00:16:09,2023-01-01 00:21:15,N,1.0,125,231,1.0,0.67,6.5,1.0,0.5,0.0,0.0,,1.0,11.5,1.0,,2.5,yellow_taxi,0.0,
747,2,2023-01-01 00:16:09,2023-01-01 00:20:46,N,1.0,140,263,1.0,1.5,8.6,1.0,0.5,2.72,0.0,,1.0,16.32,1.0,,2.5,yellow_taxi,0.0,
4080,1,2023-01-01 00:16:10,2023-01-01 00:41:26,N,2.0,132,262,2.0,19.4,70.0,3.75,0.5,0.0,6.55,,1.0,81.8,1.0,,2.5,yellow_taxi,1.25,
4863,2,2023-01-01 00:16:10,2023-01-01 00:27:07,N,1.0,264,264,1.0,1.8,12.1,1.0,0.5,0.0,0.0,,1.0,17.1,2.0,,2.5,yellow_taxi,0.0,
43,2,2023-01-01 00:16:10,2023-01-01 00:54:55,N,5.0,66,48,3.0,6.19,75.0,0.0,0.0,0.0,0.0,,0.3,78.05,2.0,2.0,2.75,green_taxi,,
